uuid,username,password,user_id
0ca3b829-89bb-4797-af37-b0d10182a0ec,brownkoala763,"b'c\x93x\xc2Y{>\xfd\xa9\x14\xbe^\xf5Q\xe0,\x08L\xa9#|7\x05\xb5\x06\xb66\xee\x8e\xaf\x8e\xa4'",1
3fa74a5f-0583-4730-bfbf-5e8b1e0cff4d,greenfish547,"b'\xe6\xdaZ\x08P\xf9\xa0\x05\x9aP\xc7j&\xabJ""\xa4\x1a\xb1LV\xca\xc9*\xbc4C\xcf\xf8\xe9*\xdc'",2
db49b9b9-5477-41bd-bce3-3e6d0ad05c2f,angrypanda355,b'E\xbdw`\xb9\xc9\n\xees\xf5\x8d\xe8\x88\xae\x9b]O\x97|\xc3 |\xb1Jv}~\x9f\xedc\xec\x9a',3
06a19af7-f548-43d7-8d96-e2530b4ae842,silverkoala864,b'GD\x9b\xc0\xbf\xae\x7f\x1as\xe9jl\xbd\x01\xe8\xfaL\x11\xa3\x8b\xc5jX\xf2\xd3\xc7\xd0\x991\xed\xce\xba',4
0e4e0c65-f836-4fa8-a88b-8b37e63afcbb,greenkoala494,"b""*\xc3\x98'kY:\x0e\x91\xcb\x80~\xe5\xf9\xc8\\\xb4\x18F\xd7\xd8\x04\x9f\xa8\xb2~`@l}\x7f\xab""",5
f1fc628b-d72a-480f-b761-19174414ba0f,yellowgoose814,"b'=\x0b\xaf\xd8[\x10\xfd\xf3\xc5\xfb\xae\x8bH\t\xed\xc8|\xa2\xb2\x06\xff\x97\x02p\x0c\x1f#V\x12\xa1\x10,'",6
8a5e4768-3b6a-442f-aec9-25861456e8bb,happymeercat405,b'\xc13g4\xc2\xd8Sk\xd7E%\x19\xd8\xb2\xe8\x00\xf2>\x96\xee[\r\xc1\x8eB\x7fI\xe3\xa9\xdfX\xd6',7
2e719ab6-4401-436d-8d34-680540d105b9,angrymeercat446,"b""\x19\x03\xea\x0c\x83\xb6\xbf6k\xc9K\xbe'\xa1\xfeY(\xdd\x10r}\x15#S\x8eQ\xe6j \x8b7\x8d""",8
7a969e03-586b-4d04-9fd3-d25fe14c6d10,heavytiger148,"b""\x9f\x1d\xd3\x84S/\xe8I\x7f\xf8\x8a\xb0\xc8\xeaOR\xdf\xc9\x901\xde'=]\xc6\x8dfD/\xa1\x7f\x1a""",9
0997ed75-2a5e-4ded-bf53-020aaa7ced91,purplelion556,b'/\xaf`\x14r\x07\xdd^(\xf6\x1a\xe7]I\xd3\xb3\xae\x9a:4q\x06\xd2N\x1cu\x9a\x81\x13\xf1s9',10
3539ad57-77a1-4615-961a-ed39de1117d3,brownsnake360,"b'\xcb\x08\x01\x8f\x8f\x9ed\nM\xeb\xff\xbeX\x96\xdaO\xe5\xf2\x15\xb6\x9ec\xbcX\x11j""\x86\x01\xaa.o'",11
0c1ede7a-ec30-4ab4-b143-9798e75c645e,tinygoose411,b'\xa0kH\x97Pi\xac}\xdf\x1e\xba5\x1a\xfa3\x02Y\xb3G\x90\x9e\xc6\xd0\xb4\xb0.^\x99\xee\xd6\xc51',12
6974a393-53a9-4c56-a5f9-9ce606b4f5c3,beautifulgoose913,"b'\x0f\xe1.B\xef\x13\xd6WE\xcd""\x15\x07\xbd?\x05\xb0\xc0\x86IT\xdf\xcf\x1a\xd1\xd3\xf5\xa7S\xb8n\xe3'",13
490077ed-446e-4e68-ac7f-e21d8a7c905a,smallswan875,b'\xa9V\x06Z\xa5\x9co\xac\xa4\xc4w\xf8\xc7\x87%g\xfc\xd9\x85\xe9t\x03\xb3f\xad\xff >\x00\x85An',14
f244f695-dd15-42de-8158-f0d1341aa8d2,beautifulkoala322,b'\x02k\xae%\xfa\xcb<5\x90<\x17~\x82\x8f\x05\x8e\xed\xe1\xf1\x05&\x8b;\xd9\xaa\x7f\x10\x84\x92K\xc5{',15
ba12287a-c629-4ab0-96b9-849b20c9a9f1,lazyelephant316,b'\xca\x08\xe9\x04\xa0\x871DN\xb2\xd4\xac\x80\xe4!\xd9\xa2 r\x94\x0e\xf6\\\xb2\xef`\x07\x9d(q\xc5E',16
e06caf6d-894f-461c-86a0-3b847db49c5d,blacktiger501,b'%\xb2\x90\x82\xdeFgE\x14\xca\xackHE~\x84\x81l\xad\xb8\x8a\x12l?\xd8-\x04\xf7\xdf\xef\x82c',17
9b97e06b-af2e-4da3-b199-f8ffc9b7450c,brownelephant289,b'%\xb2\x90\x82\xdeFgE\x14\xca\xackHE~\x84\x81l\xad\xb8\x8a\x12l?\xd8-\x04\xf7\xdf\xef\x82c',18
d6a75b49-07ee-47e4-85bb-39a9853fe1dc,goldenbutterfly275,b'u\x1eU>I\x0b\xc2\xf9q\x17\xe7\xe3bI\xf1+\x88x\x95<\xdb3\re\xbc\xff\xc1\x1e\xe1\xf9\\\x02',19
8c62a829-278a-48cf-9ceb-1c35c5618ce3,reddog136,b'\xdf\xc0\xa1WA\xc8\x80\x9bbA\x13\xc7\x93x\xe7#k=1.\x836\xf6d8n\x9a\x9f\x1d\x18\x8a\xf2',20
d0019b3d-4f4b-4e05-b6c6-e896b69f8458,beautifulduck374,"b'\x0b\x94\x9e\xe1\xb4\xa4\xac\xd5[\xe6\xfek\xef\xa0\xbe:\xc8@\xf5\rz\xc9B\xf3""w2w\x92c\x01\xa3'",21
ba0f4068-b7a7-491b-95ef-747773ca5ae6,smallzebra502,b'\xf3\xd9\xae\x1a\xc2\x9c\xf6\xd1L\xf9\xdc\xb7\xe9C\x1f\xdc<(\x8bu\xe5\xf9RO\x16\xfe\xda\xe5L\xc8\x0e\xd3',22
bdda33f9-f058-41c8-b17f-53aeaabdda48,beautifulbutterfly566,b'\xe7\x01\xcf\xe3U\xaef]\xe5\x9e\x8d\xcf\xecVZp\n\xce\t(\x17s<\xcb\n&\xdav))E\xd0',23
fa146aad-9ce9-41e3-9916-e938e3fe3f86,blackpanda210,b'>i\xc3\x9a\x089\x7f\xfb\x14AW\x9f\xbd\xf2\xef\x8e\xd4S\xfe\xc8\xfd:\xa0\xde5]\x84>\x1c\x1ey\x99',24
e7c2172d-b644-4ee3-869a-134c182a267f,browngoose292,b'\x9a~@u\x8f\x00\x9a>B\x94\x9fF\x9a\x8c\x8f\x94\xc0j\x13\xe5\xa6\xfa\x9c/\x80[\xe6;\xd9\xcdA\x1f',25
f0eaced0-3c66-4b16-b6e1-388c906bf627,blackduck851,b'\xe1\xe5\xdb\xc9\xaaQ\x93\xd1j\xd4\xac\xac#\xa9+!\x89\xf0\x01\xd3;\xa4\xd8 \xbf\xd5qS\xe5\xece\xad',26
6588171d-26f2-41c4-9100-8ca12922b117,smallfrog640,"b""\xfa'=\xa2\\k\xb7\xb9*fy\xf7\xfa\x08\xa6w[a\x8e\xdb\x07\xb6j\x0c\xff?<\xba\x1c\xc99O""",27
69bff428-bf54-421b-904a-a8a74ce9b370,tinybear828,b'\x89\xa6\xd0m\xd3\x06W2\xeb\xbe\xe1\xa1\xcc\xc4LG\xd2\xcb\xd1\x06u=\xf4\x1d\x17\x9b\x10\xe0Q\x8d\x11\xcf',28
fc3db913-b07a-4084-b77a-3cb4662cbca5,purplelion474,b'/\x8fG\x9d]\xc5\x9e\xe1\xa5\xce\x95\xa6\xd6\x9e\xb9\xe2\xf4C14\xe4\x9d\xab\x08\xb6\xd9+\xca\x9f\xf5\x82\x17',29
52fc1b3a-9c35-471a-b823-5ce71d2915be,bluefrog277,b'%*r\x9e\x03\xecX\x99\xb7(\xcdA\xa5\xa8\x92Z\xceqD\xf0\xfc\xd0MT\xfe\xc0\xef\n\x87T\x0e2',30
a8fe3388-7633-4b2e-bbf5-9f017319bd3d,angrylion975,b'\x92\x13\xec~\xb3\xb1;\xa0\x89J^I\x15uC=\\~\xad\n\xe39R\x05\x92sn\x06J\x83\xf6\xba',31
0639c82c-14f1-49d4-aab9-fee331f0a7f5,happyduck395,"b'U1\xe9rT\xcfW\xf9\x07\xcfnT\xa10O,&\xa1V\xf1\xb6j\x86\xebx\xab\xef\xd3Kh@k'",32
c5615aea-b700-4910-9f65-d3b87fb0b06d,greencat320,b'S0\xa8\xcd\xa9\xf6\xcf\x98Z-\x94\xa2LJ\xb8\xe7\x19\xf7\xf1+S\x07\xb2\xce\nU\xcf=SW\x9d?',33
cd542bd7-abbf-4061-8dc2-3a7749970b43,purpleleopard647,b'kpDHH\xe9gD\x03\xe4E\xd5H\xa5\x87\xa6\xd8\x80\x91N\xe1\x1e\x96JE4\x98\xa5q \x17\xc9',34
c6a45802-d29d-4641-a486-60b37d4e5c6b,bluefish690,b'\x18\x02\x10\xe9\x84|\r\xaf5\xbag\x96\xb1\x8f\xaeP\x03\xc0Ib\x90\xc4\x05\xfd\xe5\xa3b\t\xa5d\xa5\x99',35
45e52e4d-58c7-4507-ad24-996dfc55e351,silverladybug636,"b'\x0e4`\xe9\x89\xa4\xce\xab\xef""0\xe8*\x81|x\x01\x1a\xe8\'\t\x83\xc5\xf53\xa4L\xfa\x81\x18\x15\xdc'",36
69cb8341-0b43-442f-8220-c7b298258252,greencat471,b'\xf5\x03L\x93?\xed6\xfc\xb3\xe3\xf0\x99(\xd2!ZS\x8d\xffK^\xb4!\xe54\xf7\x02\xd0\x05\xe7\xec\x9b',37
c42eab65-da20-497c-ab3f-23b2b536a572,orangebear835,b't\xf5lS\xe1+\xea\x8c\xf7\x9b\x9f\xf1x\x0c\xcd\xae\x8a\xb1\x1am]\xb7\xe9\x07\xcdP[k\xc5\xe0k;',38
691369ff-a5be-4765-ba54-00593091b0b0,happybird383,b'\xd8\xb6\x18\xc6%e<vis\xa3\xdc\x91\xb8\xd1\x16`\xd3^j\x97\xa5\x9e\x91\xdf\xbc\x9ex\x10 Bz',39
70886926-e079-4719-b37f-03c6c19088d4,yellowbutterfly580,"b'\x17\xe8E\xce\xd73.\xd9\xba\x9e\xb2\x18t\xfaK\x1b\xc9\xde""\xb9\xb3w\x9e\xf4Fc\xd8\xee\x10h\x8bs'",40
c51ebf3d-f74f-48c6-bd72-c249f06ef262,saddog257,"b',N\x85\x13\xc1!!\x8e\x1bh@\xabX}\xce\x1f\x14Jt3\xe0\xd97\xf0\x07&\xb8\xe1\\-\x81\xf5'",41
74c13287-b413-49ed-a6d0-018a1b38324c,beautifulrabbit168,b'\x0e\xcb\x1c0E\xad\x10\x1cZ((\xb14_w\xe6b\xd2\x10l\xc7\x1bE\x9b\xff\x02\xcf\xf4\x03\xbf\xdd\xec',42
62a2b864-e071-44e5-b2a3-a0e86c31fe38,heavygorilla414,b'\t(\x8e1H\xa4\xdd\xc5\x0b~4\x81zM\xa2\x1be\x05C\x89\xcb\xea\xb8\xc8\x1d%\xe8\xc9\x1e\\\xdc\x1f',43
2b1ef775-a963-4549-acc1-91f850d2f56d,heavygorilla577,b'*\xfe\x89\xfa\xdb\xf5\x11f\xa4\x16Z\x16\xf9\x97\xb9\xdf\xa7\xa0\x11S\xf7\xd4\x13\x94\x86\x9de\x1c\x0c\x84}H',44
e7d5df93-4bf1-48d4-8e36-3d63fb3a7292,angryelephant270,"b'\xa2\xd8\x01\xf2\xcf`c\xb9.>\xa4\xc8+l\xee\xb9\xb86\x1e""\x9d{\x1a9i=\xcdr[\xb4U\xee'",45
4b5b9055-5d30-4f94-aefb-2dce4cf5d7e7,organicmeercat311,b'\xb7\xe4\x84\xa8\xabpS/>Z\xc6\x12\xbal{\xe1\x82\x19`\x85t:\x9b\xc0h\xa9NS\xea\x88f\x80',46
0e2d23d6-0260-4cf2-8ff3-e44e5f431f70,bigpeacock603,"b'\x84\xd1\xeb\'y-a\xbb4\x85\xb0?\xcak5""\xc7\x84PT\xba\xe5s\xe2\xe4\xd4`\x0c\xeb\xe4\x96R'",47
76a051d5-1782-4eb8-bdc1-a9b6dbc593f8,brownswan416,"b""\x06m:\xf7\x0fU\xfd'pj\x05\xc4\xe3\xcb)Jflo\x14\xd9\xf5\xf7\x08\xb0W\xf8\x12R\xcc:w""",48
22bf338d-fac0-45ac-8927-2e52c5c8a42b,angrysnake874,b'\xa99\xa3\xd9o/\xf1\x1a+\x0e\xd3\x83\x82\xdc\xf3o\x923\x97&\xb9\x04\x92\x06?\xc3\xc2\xc7>?=\x08',49
b6c8d19b-5a0e-40c1-bb27-0ef133dbbb07,silverlion552,b'1\x89LTs\x17A\xbb\xa4\x83|\x1bg\x17`\x91\xd6\xb3N\xedh\xaf{\xe96\x01\xbd>pgE\xff',50
18f83fcb-c364-4c47-9f51-278a96c1ed55,brownpeacock602,b'\x94j\xa7\xaf\x0b2\x0e@\xf5\\\x05\xf9\xad\xb1\xb0%\x10\xac\x15\xf6\x03\x88>\x80\xe1\x15\x99s@\xd50\xf7',51
de97a5af-ee8a-45e5-acbf-ca1baf1747ce,ticklishswan605,b'\xbeV\xc6\\\xbb~]\x06\xcc\x1aB\xca\xd7~S\xb9|\xacS\x9e\xafl\x0c7\x15\xb5\xb4\x0c\xa6\x9aW\x14',52
6aa6e2f9-dc35-43a7-8840-40839771152b,blacksnake953,b'\xca\xcb\xf4\\\xb9\x01M\xac\xb4\x88R\x9c\x94\xf8\x07\x89\x90Gu\xb6\xc5\xbb\x0fcq\x9d\x80\xe4X/6\xec',53
54daea57-26ae-4aaf-a2c2-6b437a95b2b1,whitefrog525,b'\x1c\xd4\xe1\xac\xfb\xec\xd9\x91\xe0\xc1\xcfF\xe1\x14\xd8\x0b\x081\xeeZ\x9d\xb2>\xb9\xaf\xc0\xfb\xa4\x13\xa5%\x8a',54
8f81a7ab-47f4-4510-a1a2-be349f0b0a1d,crazyladybug634,b'\xfb\xaa\r\x04R&o\xef\x95\x19\xc1\x89Xj\xc1t98b\xe2\xb2\x86;\x87rIQy\xef\xcc\xe0\xb9',55
b881a879-ebd7-4f0d-a4ef-4a635ce44a31,whitewolf841,b'\xd0\xf1Ud\xa8\xc3*l\xe5@\xdd\x8fNw\x0f\x17\xd4\x0f\xa1%\xf4\\i\xf9\x8c\x01\xf7\xaf\x19.T\xc1',56
2717cef0-fd18-42ec-afa3-7d3a5b689286,greenbear763,b'\xe0d\xefI&\xb1\x1c\xd4\xda\xa7\t\x17W+$\xee\xbazic\xbe5A\x02G\x06\xc0\xc2\x13\x10\xc8\x8a',57
ae952359-59e7-4b3f-a821-3dd6e3488b01,heavymeercat919,b'w\xdcT\xc7\xbb\xf4uc\x10\x83\xdfrP\xd9\x05\x9a\xc6<2\xcb\xb0\x1f\x1f\xa06\xea\xfb?)9k\x0f',58
bcba1b1d-032d-47eb-95e4-c881d9890660,yellowsnake458,"b'\xca\x03\tt\xa8S\xf6\xf9n\xfb""&%\'\x01\xfb\x10]\x9b\x9b&\'\xaa\n\nm\xf2bVv\x85\xd4'",59
e5482e5d-b81f-4af5-bc42-b38fa0c04888,ticklishdog217,b'\xb6\x86\xb0\xd5\xf0\xb9\x1bn\x9c5J\xd3\xb2\x88\xd6\xbf\xed\xe6\x18\xbc\xa2(2\x0f\x8c\x9c\xfa\xda<\x86\x82\xf8',60
eeb97294-405a-432f-81ed-2124cb34a9fd,sadzebra578,"b'f\x8e\xe8\xd7\xb1\xc7,\x96|\x18\x17\xc6\xa3E""z.\x11\x1f!\xbd\xab\x97\x1b\x93\x9e*\xddr\x14\xda\xd1'",61
00aa7e6d-0e1b-46f0-8be6-6291c27ce98e,happyduck955,b'\xf4\x12s\xdb\xde\xfb\xaaP\xa5\x86\xf5\x8c\x81\x86\xca\xd0?\xa0J\x9c\xad\xd6\x0e\xc5\x8d\xc2V}\x1a\xb5\x1c\xb9',62
b167e102-e4b9-4bb7-90e5-35fcae709be5,brownzebra770,b'+\x17Y\xa7\xc2\x89\xb7 \x02d\xde\x8f;\x9a\x9b6\xcdG*Wl\xfeI\xc6\xe8jy\xb4Q\x13\xbdp',63
00bb34d8-c90b-4310-b973-275c5452690b,orangegorilla766,b'A\xf8\xf6\xbf9\xa9\x81\xd3\xaac\xca\x7f\xe3\x83\xa1\xde\xde\xf26R\x87\x13\xfaY\xe7T\x81B\xf3asE',64
185ee5eb-d044-4c18-b849-3bb16301a69e,bluecat216,b'\x81\xc2\x1d\xa4;u\x81\xd9WD\x96\xe6\x1f\x98Z\xa0\xbco\x81\xa9\x8fa\x1a#d.;\xd62\xd1\xcf\xc0',65
cef9465b-880d-4ee2-8a20-f0842b6224de,sadfish539,b'WSr6\xcd\x15\xb8\xd9c;\x86i\xefQ\x84:T;\xbeY\xe0\xb7\xdb\xf8\x8d\x07D\xc5\xaeD\xd4l',66
63be420f-1877-4b44-835b-f57c2f255f17,greengorilla484,b'\x86\xf7\xae\xc7\x82\x13\x89\xffN\x1a:JUU`1\xa7pOV]E\xf9\xe9Z\n\xc6\x90<5\x88\x9c',67
1686791e-c077-45dd-a3df-49a8a20fb90b,purpledog982,"b""\xdb\x0b2\xbf\xc8\x111\x98k\x8c1'\xc7\x89\x90\xc5\xf8\xd3]\x8c-1\xfe\xbe\xae&\x1e@I\xd51,""",68
690264c3-8ca0-4f6d-94bb-23df63a2c380,greenmeercat373,b'\xa0\xe9n\x8f\x9d\xber)\x1f\xc7b\xe6\x04\xd1\xab\x9e\xab\x1d})k\x0eh\xa7\xb1L\xc4\xd9\x82\x9e\x94\x92',69
937c97cb-a891-44b1-af10-0b3893ac1d18,smalltiger300,b'\r\xf2\x97i\xb9\xfd \x95\x84\xab\xe1D$Wz\x97\x11\xfb\xe6Q\xde\x9f\xcc\x81\xf9&\xd7y\xaf\xb1\xdcl',70
34f4db68-5882-4546-bfa3-7c3861876419,whitesnake864,b'|\xb9g\xfft\xb7\x11\x9b\xa1\xee\x03Z(:\x85ME\xfa\xdc\xf7S8X!\xc1\xc3\xb3IUtK$',71
ca960515-dfb5-41b4-a3aa-7a7e138ed8e1,sadpanda688,b'z\xde9\x1e^\t\\\xea\x84\xd2tr\x0c\xfe`\x81\xab\xe8\x01\xad\x19\xeb\xac\x07e\xafcq\xba|\x07\xa4',72
f8de14d7-bd7d-464e-b051-bf49e311a59c,silverladybug873,"b'z\x13j\x92\x7f\x17\xa0Z\x9dQ\xde\x8c\xab"">\x11\x11 \xc9\xd2\xf9\x93\x11\xa3\x0e\xdft\xbc\xb5h\x90\x9d'",73
1f186820-4a80-4278-b276-3435e4a40a5b,heavyladybug265,"b'\xb8!\x11>i\xe9\xf2\xe8\xea\xc7\x0e\x99\x14n\xc6\xd9\xe5\xb1\xd0|T\xb8""\xca\x1fm\xeb\xa0\x9f\x90\xf8\xf7'",74
761b49f4-4b22-4320-b1ec-3ea7d979a35b,biggoose942,b'\x03_|\xeb\xc7\xf8\x03\xc0\xac@<^bu\xb0KXv\xe7&\x8d;G\x9e\x87\x00\x11\x1evw\xb7A',75
0c8a1e5b-fee0-431a-951c-1b5f5d11bfbc,blueelephant414,b'\x82\xca\xd98qW\\\x14\x1a\xb8q\x95j\x07V\xc1\xa5/\xae\x0b\x9e0^\xa1\x18\x94\xae\xe3x\x11\xadj',76
6afc2c2f-31b6-4b60-bf82-0560c364b776,greengoose364,"b'\xea\xe7\xbdE4z\xa3\x8e(a<_O\xec\xcf\xdc\x03\x00\xe6""\x06B\xa5I\xad\xb5\xb2j\xdf\xfa\xf0\xae'",77
cffd8e7e-bfd0-4580-b51d-804f0a863e9f,redladybug389,b'\xff\x15P2\xdb\xc7\xa2.\xf0q\xa3\xd1Jn\xcf`\xa8\xbaG\x88\x18\xe4\xbd\x81\x06\xbfw\xb6\x8at\x8d\xf0',78
ba116d38-7685-4470-82fb-6a76416b5258,happywolf132,b'rY\x12\xf8\xfb\xf1\xdd\x83\x03L\\PT\x88Y\xd6R\xf6\xf6\xdc\x8cAVj\xe1\x81\xea\xd1B\xea\xb0\x11',79
df0dc2f0-7bf8-4db4-b413-7033a934ce7c,tinymeercat645,b'\x06\xc2A\xb4\x8a\xcb\xcd\xc0c\xc0\xe3\x816\xf2\xaa\x08&<\xbf\x7f2\x9f\x9f\x1f\xe0\x97\xf5^\x9e\xddg\x1f',80
92cf63ee-fca4-4c97-b0bd-5163774eaee0,happypeacock878,b'*\xbf\xc9\x90!\xc23\xa1\xfeu\xa0\x81\xa9\xbdB\xdf\xfag\xd9\xf0\xf4R\x85\xec\x9f\x8cx\x97\xb3\xb7\xcf\xf7',81
a355d7cd-993f-4893-b5dd-118f41c16db4,crazywolf610,b'\x8a\xa6\x16\xa0KQ\xf2 \xd9\x80F\xc8\x17\xeeq\x97\x1a\xbf\x1d\xc2\r\xf6e\xdb\x1e-w\x1d\x1a\x986\xdf',82
d0b125cd-a077-4048-a10f-2c1c82e46737,organicpeacock272,"b'X\xb4-\xfd\xd4\xe7J]\x87\xc1x\x1b\x92\xafm\x1a\xd4\x8b\x03YpR\x8cm1\xc1\x99\x8ff,\xe4Z'",83
7d895d47-647f-43c8-9cf3-e314cdf2eaaa,crazypeacock523,b'\x03\n\x06\xdb\x15\xd3\r\xd6L\xde\x0b\x8di\xbf\xf5EXu\xed<\xd6\x96\xf7\xfb\xb0\x95Bx\xe2l\xd9e',84
320fa578-5dd3-4e5f-90d3-5d4068ab7d27,heavytiger482,b'\xb37Jq$\xa7\xe0\xb1X\x8b\\#\xce:\xc8\xf4\xee`8\x04p7W\x069\xf3\x88v\x84\x9e\x96\x15',85
b3f23da9-cf34-49ba-b489-0dd3a880c277,lazyfish195,b'7\xd6\xcf\x0b\xbe\x89W\x8d\xdef\xdf\xd2+N\x144\xdan\x0c\x87\xa66\x9fi!\xd9\x13\x19\x18\xc9K8',86
e2badf77-0238-4ead-a6bc-4838b6b2defb,smallpeacock310,b'\x00\xe1\xcdP\xed\xf9\xc4\x83\xb2nk#\n\xdb\xb7\x1e\x99\xd6.\x97JK\x7f2\xaa\x14\xbf\xc5\xaaU\x907',87
d6d765a6-8a9f-4522-b0db-b49e4fd4af66,angryswan443,"b""\x00 \xac\xd6\xadk&\xa5(\xb6\xc2\x16'6\x18\xed\x89[6t\xee\xddk#\xc4U\x11\x10}o\xc4j""",88
9ac46d25-f824-4c81-a664-25f6e452b7b4,greengoose918,b'_h\xfa\xc4\xeb1D\x99ZW\xa7\r\xdf\x07\x0b\xaf\xa5KZ%\xca\x8d\xa1\x17\xf5$\xe0\\\x0eal\t',89
f138bd8e-31a1-4b8d-8bfa-50e094b25a27,silverwolf636,b'\xc5q6\x99\xb5\x15\xda\xb0\x94\x8d.\xc7&\xa0\xd4\xba\x81bs\xf6\x7f\xe0#Xy\x94X\xc8\xc1I\t\x92',90
dd8e08c4-3b20-4f1e-b8e0-2398247663dd,greenmeercat619,"b'g\xe6\x0f\x08g\x0c0\x99\xd9|\xf8\xa0J\x8e\x93)\xc1\x02\x9e\x97\xb554\xcc\xca""\xfc\xab\xcb\xad\xf4\xb1'",91
4cae6acb-432f-474c-8c7d-61ded02dfb14,goldenrabbit693,"b'""\xfc\xac\x7f\x00?\x97 U \xb9\xfd\xf1\xedQ\xe6\x81\xb75[\xc2\xfb\xbf]A\xc8\xd5\xeejf\x19\xc0'",92
85a55694-08e4-4294-9cdc-55808cbcd9b2,brownbutterfly832,b'\xf9|l\xed\xffB\xe6\xc1\x94\xfc\xc2\xb4\xed\x1d\xac\xbfp\xe8@\xb4\xc0\xb4Z\xb7\x13\xdf~\x0c\xfcFz\x17',93
d4678bf0-f519-490e-97ae-094a3f862f33,bluedog342,"b'\noW""!\xe3\xb7=\xbc\xda\x90`5\xec4\x1c\x8c.>0;\xad\xc2\x16\xd3\xbdB@8\x83y1'",94
4fd371fd-c138-4591-b121-5b001834ad5f,brownbutterfly914,b'\x15\x8b\x08`*\xca?\x1fz\x9c\xc5\xc7\t\x1c>kt\xb3ix%A\xf9i\x8d\xec\x94l\xf0\xa4\xc3L',95
7916f2d7-3fc3-47ec-9389-302243f6d37f,greenbutterfly592,b'\xa8A\xe1b\x03C\x86\xa8;\x98\xab\xab\xc9A\x978\xdd\x8bO8b\xed\x99\x96C7\xa9\xfd\x15+\xc3\xd3',96
588805cb-410f-4fd7-b42d-0506f6a66d4a,greenbear395,b'\xf51\xf2\xd3\xc0\x8ex\x06\xdd\xb97\x1e\x9e\xe4\x96j6%_\x1e\x16\xe1\xc4\xe1(\x03^\x12r\xad\x8e\xab',97
28f504c8-cd0d-4359-8967-a887c350b623,tinyrabbit783,b'\xa3t\xe9\t\xa2\x82W\xeb3\x0f\xd2H\\|yu%`\xae\xda\x8a\xe8\x14[\x122\xe7^\xceM\x08\xac',98
a30de139-2396-46b9-87bd-b6baeadb63ce,angryfish993,b'\xafn_\x16\xf5\xb7\xc9T)\xf1\xff\xc4?\xd2\x94\xcf\x9fP>\xc1\x1b\xd7-\xbc\xc8\x1f\xe5\xb7\xab\xda$\xd8',99
8662f40f-cf79-4e41-95d9-d0412054896f,whitefish100,b'\x13\xe1\xb4)Rao\xf1Q\x01\xd2H\x8b\xa9SE\xe0\xbc/\x89\xc37\x8cV\xf3\x8b\xdc\xf2\xe7\xd5\x1e\x95',100
a178b236-2780-43e5-8b5a-77aefd6f1111,goldendog927,b'\xf1\xfd\x93\x83\x08\x87)\x81\x81K\xe6\xa8h\xb1\xd6(K\xbd#\x91\xeb?m%\x92\x93\x16\x1a\x18\xcf\xd2\xbb',101
6d38c7d0-6e6d-44ea-8f87-feae9e8e381b,purplezebra376,b'\x03M\xb9S\x81(\xc3;\xc3~\x80\x19\x1b\xeebL\xcar\xb8Z\x1a\x8c]n\x0c\xe7Ez\x01\xbcfm',102
92da58f9-fd4d-4c5d-a201-7460756b6013,silverbutterfly802,b'\xd8\xa9&q\x1fc\xba\x8f]e\xaf[oq\x8c\x8bQ\xeb\x98A\x81=#C\xdb\xd0\xc3\x089\xe4\x99\xe3',103
734a3032-3df8-4757-84e1-e6b942bb4ebf,bigmouse248,"b""Y\x9a\xcbF8\t\xd5\x1c\x96\xff\xf1\xf6\xaf(Z\xfd\x96$'\xc3_*\x14\xd6\xc2\xc4\x1c\xcd\x7feCW""",104
d06be43e-7932-49c5-8fcf-19eb9f6c7f1f,lazyrabbit987,b'\x91=\x7f\xe8\x14\xb4\x9b\x0b\x83z\xc5\xa3\xdd\x1d\xa1\xcd\xd6\r\x7f\xe6\xcb\x0b\xb4\x0f\x1e\x0f{\x0ei\xbf=\x97',105
2328d421-c63f-4b1a-a7e0-0b51978d17d0,redelephant246,b'Wf\x08\xa0~x\xaf~/\xdbQ\x16\xecZ\xdb\xc3&j\x01\xa1o\xe9(\x1c\x0c\xa72sS\x9a\xcd\xef',106
6b018734-1fc2-4ec9-8f86-a071f309d5cb,sadfrog901,b'\x97\x95O\x00\xb7\xbdZ)\x97\xdc\xa0\xb5\xd3\x1a\x9bH\xd3\x83\xccw\xdc\x1f=E/I\xe6\x9f\xcds3\xfd',107
7e201014-84fb-46c9-b297-a93c72801b01,beautifulduck152,b'\x1e%x\x9c\xbeN\x93\xdaI\xc7\xe1`>\xde\xe1\x9fZ\xa4\xbc\x00Q\xfa\xde\xbc\x89\x8bm\xafR;\x81G',108
f35e4bfe-9afb-40b2-b291-cc61366eaa98,crazycat125,"b""P)\x14'\\s\x00\xb9f\x01\xe8\xad\xe0$3\x8c\xf1\xf4-\x1bE\xf4\xc8\x7f\xff\x1aIr\xd9\x16\x96\x80""",109
a9261b60-fac4-4ce3-b409-7c7ba458122d,yellowsnake862,b'I`>7\xbae\x18F\x1a^\xd3\xf7\xbdI--\xc8\xa9\xfaP\x18\x16K\x92\xdb4U\xb1lN\xac\x99',110
92110360-c212-4920-99ab-5a17cfa25c82,beautifullion187,b'\x16|\x9b\xbd\x9cC\x8d\x8b\xa2\x92\x0c\x11\xbd\xcc\xc0\x86N\xf5|Ji\xe4\xc4Y\x82*p\xc0\x07|\x9b3',111
e0b96069-ea6f-44fc-a271-c4b47d1d12d1,organictiger522,"b'\x93\xdb\xea\x98""o\xa7F\xda\x15\x13\x17\xa0\x9e*~\xe5\x04\xc4\xda\xcf\xc2\x8b\xed\xe9\xac\xd2\x11\x0bH\xbf\x8c'",112
119c9a27-8c2e-42fd-9a63-e43cb101f0bb,redgorilla483,b'n\x10\x98\xce\xd9w\xccX&y\xda\x9c\xba%\xbb4\\M\x8d\x96\xef\xfb\x12\x14\xa0D\xc2A\x01\xde\xe7\xee',113
643d9696-566e-4564-bf6f-62270d1ee13e,sadlion855,b'\xc6\xad\xfd\xa2RK\xc4\xeb\xe6\x0c3%^\xe5a\xe8\x84R<E\xc3\xe2v\xe5\x96\xd4\x8b\xb4\x84\x91\n\x80',114
ae6390ad-b686-4afb-97b1-c492f4c544cd,angrylion426,b'\x88p\x15@\xde\x80\xbdhz\xef\xdeW\x0f\x80\x88X\xa9ion\xacAI\xc2ae#Bs\xc0\xf6P',115
0d7c5cc7-d858-4b7c-9ed8-60c0ea112656,happybird320,b'\xcf\xd1\xfa=\xcd\x81z\x9a\xfb0Ml! q\x1b\x92\xf5\xbf\xef\xf3\xb2\xd9\x87\xbb\xfc4\xba\xa0\xab\xbbO',116
47372768-d6b7-41c0-9770-b35a895217b3,silverleopard775,b'\x90N\xfa\x12D\x1be\xca!\xe4T\x0ey\n\x9bLv\xb7/\xeaAP\xde\x8c\xb9\x07\xad\xdf&a\x85\x18',117
5c3a127d-2f65-4806-8f83-9e2940eca2f7,silverwolf422,"b'\x81\x81\xfe_M\\ll\xfa\x8d\xbd\xad\x03""\x89\xdf\xec\'\xc3\x8f\xa6GyS4b\x86s\x04z\xad!'",118
3af9bb58-0261-44f3-a768-4aa13c6ff263,heavylion130,b'x\xbc\xfc\xe2\xce!\xaaF\r\xe7@\xbf\xf7\xbe\xd3C\xc5\xc8jB\x85\x12e\x89=\xd4\x19\xb0Rt\xfa\x15',119
5b0afa14-2419-44ca-8d26-6da2fddb58f8,heavymeercat263,b'\x0fX\x8b\x13D\xa2\xfaG\x95\xadV\xedc\xf6T`\xe8%%3 \xc5\xb8\x82\xbf-\xa8Hi\xc0\xd9\xd7',120
32550c9b-41d8-4d7f-b789-47b74e0ea55b,smallbear806,b']\xed\x7f\tQ?\\\x06\xc0S\x06`X\x1e\x7f\xb5\xdc\\h\xd9y\xe5\xa2\xc4\x88\rO\xd2\x12^c\xe9',121
7dba8ec6-cc0f-4410-8a35-247cfbba96c7,happyladybug292,b'\x08\xb7TE\xb0\xf3w]\x81\xa6\xa3{\xac\x01f\x8a\xbbS*Fl\xf4\x03\xea\x7f\x97g\xf2\xc8\xa2\x1d`',122
6aa6d42a-a08f-47d3-bbde-54f09046a347,angryleopard403,b'\x9b\x14\xc0fy#\xa0)\x8b\xed\xa0\xe7.^G\xd2\xbf\xa8 \x9d8\x18`\xb2\x18\xf6\xe3_v\xa0\xf0\x88',123
d61fbf15-f20d-429d-87da-facc0c858b40,blueduck849,"b'\xb5\x954\'\xddm\x8f\xfe\x15""A~\x05\xf8cX5X\xc77\xbd\xf0\xac\xe6\xa3\xc9\x1b\x93\x9d\xd6\xa1\xef'",124
729dc558-48e1-4d5e-a0ec-e2d5aad8cd83,smallrabbit579,b'C\xc6M\x1a\xe8\xe1[[n\xb4\xe3\xf7\x14a\xfd\x04\xbd\xe0\xf6\xeb]\xbf\xb9\x07\x81^*\xea\xcf\xca\xfe\xd7',125
77204ea9-b09d-43b8-9903-e043f9a8aa75,organicostrich778,"b'""\xe0\xbf\xc7\xc4\x06\x01\xffX:\x8f\x81\x8c\x976\xb8\x8c\x11\xcc\xd8\x8c\xf3\x9c\x93O)\xac\xfa\xcd\xaco('",126
310d3898-b431-46ed-bd2b-f8614288b986,silverduck606,b'u}\xda\x0b\x96\xfe\xf6\x17\x8a\x8e\xaf\rO\x17\x08\x9a\xccW$\xbf\xe1R\x97\xbe\x11@\xb0\x0ej\xfcNN',127
10476d44-e538-4fd5-a7a9-b89b58cfd2af,whiteladybug665,b'3\x9bbb$#\x02\xd8Ga)\xe3\xddu\x0bX\xa6\\\xb5\xaeu}\x8ar\xed\xf0\xb2-\xe4\xa3\xd4\xbc',128
4507c59c-0f25-4af4-a97a-c1736f847099,redduck387,"b""\x08O4K-\xc4\xf6nP\\\xe2\xe48\x1eAMN\xd61\xa1\xf1oh[e'\xab\x94\x1b\x06?\x90""",129
c8baae7e-47e2-41e9-ac55-46ef0f11b314,silverbutterfly551,b'\x0b\xf2p\xec\x97\x04\x8dM\x8c\x91\x80\x99u\xe5EV\xe2\x0eE$a\x1e\xa5\x93v\x98\x10\xef\xe7\xb7\x0f}',130
11e5c30d-44e6-4c4c-8214-d5c7c21fa753,orangebear978,b'\xc1*\x15\x07\xc9\xdb\xfdE\x13&\xd3\xf45\x05\x07\xd8\x1a\xd45\xb0]{t\xf4\xdcpZ}\x8e\xc7\xc7\x88',131
47e4f68e-6bb1-42a7-9a2a-8a4cc2ac9304,tinybird899,"b'\xaeG\x89^""\x8a\xf3\xf876q\xd8\xb0Q\xe5\xa0\xeag\x1b\x920\xcdiG\xd8\x9673xK\x85.'",132
23ad0fd2-80c5-46f0-8aa0-2d779b9f9655,organicostrich315,b'\\\xa2$\x87I#\x11\xad\xf7B(\xbc\xf8\xe5\xaen\x0e;\xdbcL\x14\x9d\xccK\xf48\xf9\xce\x0eb\x0e',133
ffbc1047-6031-4e78-bedc-6b15a1994c17,happygorilla233,b' \xf4\xb6p\xa9\xb0\x16\xdf\xe1.\xda\x86\x81\x82=|OadN;\x94w\xae\xf5\\\x99\x99%\xd2\x05.',134
e9923d81-fc50-45be-98f6-dd785ca61feb,ticklishladybug189,"b'\x86Z\xd7\xd8\x98\x9b\xae%o\x97\x99\xca\x84\x8dR\xcfN\x1br\x87\xebs\x9cr""\xfc""\t\xcd\xd3~d'",135
9e66c2ba-7b93-4588-93ba-be42a26cd0b7,organicfrog428,"b'\xb7\xd0.\xeaas\x91\x934\x96/oa""%?#??\xbdh\xafB\xd9\xcaB@p\xc5\xef^y'",136
73134242-e15b-4a44-92f0-abea2b22c3e0,redgoose151,b'\xe1a&R\x02\xbc\x98\xb4\xc3F\x9fY\x9fH\x81\xab\xaeE\x1d\x18\xc2\xd7\x83g<r\x14D\t!\xf4\xab',137
90c0d395-56d8-434f-9a10-6a148d33259b,tinyfish794,b'`\xfc\xae\x8e\x10\xcf\xc8\xe4@\x7f\xd8.}Ow\xd4\xaeT(\xbc\x1f\xcc=d\xb7\xd0\x9c1\xba[V\x99',138
a1ddabaa-0412-466c-8480-42793ecddba8,smallbird690,b'\xef\xd3\xa6\x1a\xd6\xb0\x1b\x18_^\x9d\xcd@[\xa0\xc1\xd12]\xb8\r~US\x99\x17\\?>a\x10S',139
9c335966-28fc-4910-b463-b68bc29818cb,bigbutterfly854,b'K4\x82\x18\x16\x03\xdfG\x9d$\x86\x87\xae$1\x16\xbf\x06\xbe\x8e\x10\xfb\x981*V\xe1\x08t\x01\xc3\xa8',140
15fdd657-bd44-44b7-83f5-af3b40d396e4,angrysnake231,"b""\x08tP>\x1aE]F\xe2\xc5\xb4\xe5\x022\xad$\xe8'\xe1\x08\xdf3\xad)D \x1c\xf8x\x9fW\xca""",141
5508d9aa-dfb7-4f72-a360-666b42486e63,tinymouse241,"b""\xf9<?\x99\xa7\xb6\xc4\xd6Y\x9f\x0fb\x95\x919\xb8\xd9?\xd1'U \x90\x84\xa5\xb9N\x87]\xb8`:""",142
ef0b3d4e-8c58-4f9a-b0f0-b57585672d8e,silverzebra824,"b'\x0b\x16]\xd3""wFL1\xdd\xa2\xcb\xbf\xf1\xbc\x84\xb0]\xa7\xd7\xc8L\xc8\xae\xfag\x13\xcbb\x7f\xcb\x8b'",143
08fa9d21-252c-4bdb-8741-b57d6e3892cc,goldenlion861,b'M\xdc\xb7\x90\xba\x95%\x0b\xb2\x10`\x8a\xa0\x0f\x183;\xcd\xec{]\xbfI<\xc7\x17r\xd6\xfe\xeb\x99\x95',144
ec5728da-c18a-4d53-bee4-727930af99e3,happypanda556,b'\xbe\x02j\xf4\x9cq@M\xaf\x81(t\x853\xe7\x84\xf4\xb4=\x8a\xdf\x9b\x01@\xb3L\xf7\xe8\xe8\xc0j\xa6',145
5c9407ca-cb3d-47ce-802e-e81881ace5f4,crazyduck161,b'\xac\xe2\x99h\x97\xe3\x9aY_K\xa3\xa4\xcb#.n\x07\xef\xb9\x99\xb2}\x1e&\x01q0 \xbc[\x8f\x89',146
b298e738-1889-4bbe-995a-07c3d3a896b2,ticklishrabbit786,b'\x1b\x98\x93\xc7\xc3W\x94g4\xb5\xd2F\x90\xa6\xf8\n\x95\xc2\xfe\xbf\xf0\x7f\xb9\x83|\x96l\x16\xdb\x01;\x06',147
1701045d-d20e-4140-afea-e1378730be9c,heavyfish835,"b'\xeb=l\x98_pd6\xaer\x18\xfbH\xb2-\x01\xdf\xf7\xbc\x8e\'\xaf\xc3""h\xcf\xc9\x80\x8f\x1e:\x94'",148
2ae08045-af38-4757-92cd-9403f946720d,greenfrog972,b'R3\xd0\x05`\xa25\xa3\xec\xd8ey=\x87aWK\xf0\xb2\x83\xee\x96/\x11\x8dC\xc0\xb6\xdb\x031\r',149
4b45963d-8651-4ce0-af5f-bd8b00f81cc6,heavydog481,b'\x87\x10\xf3\xaf;\xd8\xb2\r\x04\xf9\xb9\x9e\xb6\x87j\xe8\x0f\xc1\xa4w]\xc6\xab\x82\x9a\x1b\xc1\xc7\xd7\xd8\xa5D',150
04802f64-cc79-4765-a917-aa3d9b157de3,tinybutterfly548,b'\xc4\xb9\xbb\x10\x13\xd8\xc4\xa2\x96\x99\xad\xd9\xa1\xe7\xa5p.{g\xe8\n\x8d\xbb+T\xed\xaf\xa4\xac\x92\xaa\xc8',151
980d6c21-d5d7-49b1-83b8-ac95dd2e187f,beautifulsnake858,b'\xa4\x88\x1a\xb1\xba\x98l=\xd8A\xb8\xbd\xf1\xf9\x01\x14\xd9\x80\xaa\xee\x9f\xfc\xd8\xe2ETL\x9c\xc0$7y',152
b7611253-7d09-4720-8dca-55ef499c5f1c,lazydog121,"b""\xc6}\xb1\xfc+\xb1o\xee\xcdf\xd9\xbd\xc0r!\x00\x80\xbd\xc6,\xe71\r\x8cq'T\x9dXPE\xff""",153
4969f15f-55db-479d-9cf1-6b7034130a8c,ticklishfish757,b'\xbb^%.\xd2\xaa\xcd\xc5\x1f\xed\xae\xdd\x0e\x00\xe9\xef\x02{\xbc\xa43/1\xe8\xa5K\x92Ji\xad\x98\xb1',154
32577458-e3c1-4058-ad4c-3d8138b6a1d0,yellowostrich813,"b""\x17\x89\xf7 \xd1\xb8\xf5\xf4c\xcf~\x00\xd8y/\xe1\x1b\x10<U\x9f\x81\\\x99\xad0'\x1fr?OS""",155
86ba1915-9973-4ddf-a4d5-623607e34454,lazypanda491,b'|\xbbr\xf69\xbe\xde\x8a\x1b9O\x88\xf7\x1a+S\x01\x18\xc2\x98\xa9A\x7fw7\xdb[\xf4\xef\x95p\x02',156
193d874b-0bff-4644-af57-4c3134755972,whitegoose775,b'-\x9a\x98\x84>V\x87\x972F\\\x18bI=\x00\xe0\xe7\x14\xb9^\xca\x15\xac\xac\x9a\xb5\xfb\xae\xf4\xc5\x9f',157
a33d134b-e331-4cce-befb-9f4146dcd9d8,blackgoose985,b'0\xb3\xff\x9d\x9f\x08\x13B\xe1\x84\xbfJ!\xec\x94\xec\x1b\xb7\xdf\xfb\xee\xd6\x83\x1f\xb9a\x862Cs\xb2\xf8',158
6ca35cce-eae5-45c2-b31d-fe81616cb73c,happyfrog657,"b',\x8d\xa4\xa0\x13\xf9T\xb1\x80\xfa`^-\x81\x0c\x1f\xbb\xc9q\x15\x19\xfa@#\xd2\x13\xa0\xa9\xd5\xd2\x1b-'",159
29847d10-b970-4bca-9f46-3287f0ebbd73,yellowmouse942,b'\x03\xce\x8dK\xb4\xe9SdyR\xe1q\xfa\xf0`\xd6z\xcd\x8a\xa8?\xfb\xad\\\xd6\xea\x9f\x19s\xf8\xe5(',160
903243ab-c929-4eb2-b97a-1dd571134d9f,whitegorilla696,b'\x0b\x95\xf00\xb4\xd7\xd88\xe2\xd1}\x14\xa1\x0c\xf7r\x9e\xd9\xees\xfb<(\xd88\xc0A\xd4\x81\xb9D\xea',161
999692f4-9f31-49ef-b1e2-63612f461f60,bluebutterfly794,"b'Q\x13h\xbf\x14\x08\xd6\x9a\xe5\x10T\xd0E\xcfD\x14t\xa1\x13\x19\xc8\xab,\xa3\xb4\xe0\xf40V\x1e\xcd\xaf'",162
78790912-5a34-45ec-ab01-57fb11ed8a74,brownmouse568,b'\x82\x16\xf2~\x16\x06\xdc\xe1\xc1\xc13s\x8d~\x9b8y\xc4Q\xbe\x07G\nY \x84\xd8\xd8|\xd1\xa5\x97',163
3618a31d-27c7-4846-ac58-a649149ad3dc,bigwolf552,"b'""p\xec\xb8\x83FR\x98\xaf\xbc\xe1\xab\xed\x9cr\x9aU\n\x069a\xfbD\xcc\x00U\xe3\x8d--AX'",164
74159b5c-7ce5-4650-9ca5-58e1040c0b53,purpleleopard718,"b'\x16\xeb\xf1=\xaaf\xda\x10\xcc\x9c|n\x85\xcc]>\x16o,\xa7\x98\xb1\xb7\x96\x1d_\x19\xb04S\xa7>'",165
967057b4-9650-45b3-a15f-318b3fecc605,ticklishkoala693,"b'\xdb\x15\x05e\r\xe9R\x16\x08\xe4<+\xd4\xd1u#X\x8d\xe2\xa2\xac\rgg\xc5R\xf7\xd9\xf2,\xdb\xec'",166
f05cfffc-8b9f-4d62-87e6-1f3618d1e4ca,ticklishrabbit932,b'8U\xf6A?+\xb7\xb3\x19(QPUF\xc9X\xd5\xa81\xc7\xbf\x8c5\xdbT7L\xf1\x84G\\q',167
f2519e32-c9fe-4291-b849-9d152e04ff41,heavybear165,b'\xd3\xbf\xc0Ly\x87\xaf>^[r\x17\xffc\xf0G\x1bx\xc6\x10(\x05\n\xd9\x7f\x9c\xfa\x10\xbc\xac*\x81',168
b24cc09f-9ac1-4972-aa54-03eb3284af12,beautifullion279,b'\xaf\xaeJ`\xa8\xe1B@\x81\xecI\x990\xb7\xaaP\xf4D<\x14X\x1an[0\t\xe9\xe1\xb6\xc5\x96\xae',169
698f6f40-44d8-41dc-a5d8-fb6da5e36660,greensnake937,b'\x84\x10\x82\xd3G\xd3\xfd\xa0\xb9[#D\xcf\xbd\xc8=hs\x18\x86\x8dj\x13\xc2\xf8\xad\xb1\xe0\xa0@Hh',170
a9c1f8d1-be7a-4447-b4be-490a1542eaf4,orangebird747,b' \x12q\xbb\xe4\x92c:AAq\xf7rrJ~\xfa\x92n\x14I\x17\x8a\xa1\x9b\x9d/i\xe0p\x1e:',171
1eb93f2d-5129-4feb-99fe-b835440993ff,happyladybug420,"b"":u\xb1'\xaeU\xca\xafn\x9fNUv\xf0\x82 \r\xea D\x01\xb1Db\xd1\x9b\xb2B\xa9?\\~""",172
108c599f-4a4f-4b3b-8ee8-c1bf74d52907,purplegorilla349,b'\x1a\x80\xde\x9d}\x8bVX\x1a\xe8S\t\x82\xd2\xf5\x92\xf3~Vck\xf7\x16\xcc\xe8\xda!G1\xc1}C',173
7d45dc9f-e24c-4bb7-87c8-6b8a08f4fb70,goldentiger731,b'\xafs\xfc\x84\xae@\xf4\x8d\xc3WN\x19&\x03\x7f3\xb8\x89\xaa\xe3oC\xd1;~\xb06\xbbT\xbb\x17\xa5',174
c9dbc125-c076-438d-9c52-cadd58af7cdc,crazymeercat646,b'\x96\x91\x07\xf3\xcf\n\x9e\xdd\n\x17\xca\xb3hX\xb1\xa0pz\\\x0bIz~\xe8G\x9d\xa7\x15.\xbd\x0b\xbb',175
4bf0a826-a731-4a2c-b45d-ca1692c4aebb,angrypanda157,"b'H""C[j$\x85\xa0\xc6\xd9\x19a\x00P\xff\xd3T\x98#\xf5j\x95a6>3\xf9\xb2\x0eX\x81#'",176
b74029ae-707c-4f19-94cd-f0b28a996ee3,yellowkoala747,"b'N/\xdd\xa16T!\xaa+/ j\xbb\xa3\xb7\xd1\xfc\x81\x16\x93\xfc\xb2I\xe4\x87\x1c756""\x90Z'",177
2357cf81-5867-4428-99b4-576a38402480,whitecat827,b'\xed\x9b\x814\x9b|\x06\xae\x04\x15b\xd8\xdf^U#\xc9d\xd7\x12\x18\x98d_\xba\xb8k\x80\xb9\x8eN7',178
3a0c1831-257a-4ee4-a56a-6a428bcdc753,beautifulcat376,"b'b\xf5\xe5\xe66\xe8\xaaYA\xd0<p2\xc5\xbb\x16^""\xb7<\xb5\x81\x89\xa6\x9e\xa6\xca>T\xa9G-'",179
1f2bd1e6-f9d6-4ee6-934e-df8497a28e87,organickoala146,b'[s\x00<\x10#\x0cV\xb9\x92bA.g\xb9\x91\xccH\x0bJ\x81\xe2[\xd0xL4\x01r\x8e\xbc\x9a',180
88ad92ab-d3bc-4aca-bacf-69b5e750234c,redsnake394,"b'8N]\x01\xedh\xd6,7:\xa3\x85[\xb8\xf9\xe5\xa6.\x0fxn\xae\xc9\xbc\xb48\x85\xce\x10\xea\xe2\x84'",181
f0fe85f4-88b5-499f-9942-16d811b96eaa,greenbear735,b'Xz\xea$\x87$T\xeaV\x8d\xdeN/\x82K\xe3\xbb\x97\xb3\\&D4\x8c\xb2\xed>\xa7\xdcJ\xefN',182
de88ed60-247a-4130-bfc2-4ed45e2dadc3,organicbird583,"b""2}'\xbb-V!s[L\xc7\xf2\t'\xa9I\xd2\x8e\xe2\xa9\x87\xfaS\xd83\xf1\x9b\xe2Gn\xed\\""",183
57ffc3c6-01bb-43b1-ad8d-8b0c4203e687,redlion809,"b'\x8f\x9f\x90\x96\xc8;X\xe5\xccOl\x87F5d\xa1\xc3\x0fD\xd1\xc4u]\x08\x98\r]<$""\xf3\x80'",184
784f4b5a-49ef-4b1b-9889-3aeb3d74f92f,angrywolf151,"b'\xca\xb0[o\xc1(3c#\xf8?w5\xe0\x15\x81\xad\r\xe2\x15i\x8eW\xdb9-\x10\x9aSw,\xc6'",185
409fdd88-8828-4d54-b674-7f2245faa71f,crazytiger652,"b'b\x9c\xbe\xb5}\xe4\x94<:!\xe6\xb0\xb3\x07D\xce\x17\x07\x0f\xccU\x85q\x95%Z,\x96`\xde[\xc1'",186
5f744b1d-1d2a-48b1-8408-12a5c34fb464,lazyfrog875,b'\x8d\xde\xa9B\x91e\x97\xe6-h\r\x00&#\x84\x86]\xb4\xf6\xd5\xd7f1t\r&\xcde\x07\x84\x9ck',187
bb28f359-fdc9-4f14-bea7-c58190dc644c,silversnake854,b'\xea^[I\xa4O\xcb\xa9\x9d!\x8c\xb1\x8a\xb3\x0fT\x0c\xbfB!\xb1RI\xbd#\xa8\x10\x10\xd5\x87\xa80',188
06ba79e7-8100-4bc6-8ebc-06599cd23b29,greenpeacock889,"b""r\xb6\x93\x91\x11\x80\x88\xa7\xfd\xf78E\xf1%'\xb3\xc3\xbf\xe0\x1c\xc4\xf6A\xd9\xb7\x99\xd4\x16?H\xd2[""",189
1548af1f-8e29-434e-aea6-6ad9e6b7b19a,happypeacock892,"b'd\xaa\xfc\xb4|K\x13W\x15_\xe1\x9d\xfe\x0c\x06?\xc2\xe0""\xfa\xe5\xdf\xe3t\xac(\xad\xebLC\x91\x10'",190
284d8d0a-e2e3-484c-9036-b3749a0cb9da,bigladybug898,b'\xb1\x19\xdc+L\xcd\xb2\xdc-A\x06l?\xefe\x00\xc8\xbd\xd7\x80\xc1\xef\x07\x07\x86\xfck\xab\x9e]\xea\xd3',191
77ad8cdd-b5d8-4537-bb3c-db10fa1e8da6,angrymouse990,b'=X\xf9\xa5\x80\x1d\x9f\xc53\x9d\x0bh\x1b\xe2\xd2\x12\xf9\xb2\xcc\xcc+\xcd$\x92\x859ze\xae\xad\x90<',192
31085eba-58a4-4e6c-ab05-68c782c263ce,organicmouse332,b'\xc5q6\x99\xb5\x15\xda\xb0\x94\x8d.\xc7&\xa0\xd4\xba\x81bs\xf6\x7f\xe0#Xy\x94X\xc8\xc1I\t\x92',193
47047249-f3d4-478a-af58-4f32d0166a59,bluegoose410,b'\x14v\x85\xfa\xe9\xc8\x92\xe4\x142\xec\x18\xa2\x07\x9en]b!\xf7\xeb8\x9d\x19\xdb\xa0\xcee\x14\x8aa\x83',194
02613cce-08aa-49bc-b78e-f2ed110c4fae,tinypanda417,b'b\x04\x00\x0c@\xd4\xb1\x91\x07\x99\xd2\x8b\x97\x86\xae%\x94\xc6&P\x16\x84\xf9\x1d\xad\x91\xc6\xd0\x94\x06\xfa\x85',195
0b8ed723-41f3-4d49-9623-ecca0eda2250,crazymeercat314,b'\xd1\x19\x13\xd1\xb2\xb7\x8e\x11\x98A\x81\x1a\xf4\x90~\x9d\xe6\x99Y\xcd)D\n\x99a\xc7\xa4\xfd\t\x06\x1a\xf7',196
c8c2880e-0ace-4a8a-b1da-9da6df5287cb,beautifulfish980,b'\xac\xce\xff5(\x96\xc3\x8c{Y\xd9r\xed\xbe[\x04 \xf7.{\xa8g\x19\xf6;\xa1\xc2\xddy]F\x8c',197
5d254a4f-9ca7-4f83-abac-f5e2b333938f,smallzebra233,b'OAZ\xe3v\x9f`\xdd\xa5\x92]n\xfc\x1b\xd5NC\xa2!;\x14\x14\xf2-\xa9X~7\xc1\xdc4\xa9',198
de4f1d27-59af-4c3a-a18b-7f64ef166e18,bigsnake488,"b'\x02\x87\x19\xedl\x96\x16\xc90Di\x82\x11""G\xe4\xec\xc7\xba\xd9\x8e\xb1C\x19\x1e\xec\x06-\xe2\x08\x9fw'",199
4984e395-532e-4c30-a516-191ec14d7186,purplegoose826,b'\x97\xc4\x87>\x12\xe3Q\x0f|\x8eDi\xaa\r4\x9e\x96\x18\x15\x198?\x1e7U\xa9\x08_!\x01\xc1\x81',200
13ff6478-01b7-4cb6-8456-d9cb25720eee,happycat818,"b""'\x8a\x8e\xc4!\xcc\x7f\x04\xc6m32~]\x1fz'Y\xae\xd7\xe1\xdf\xc0\x86\x94!\x95\xc9!\x08\x9e\x9b""",201
de2929cf-37f7-4c28-8a79-2de8e7bade12,sadelephant909,b'\xc2\xc7g\xd2?H>\x1d\xae\x1f\x97q\r\x85\xb4\x08\x9c/\x90\x10G\x94\xdc0\xd2n\xd6\xc2\x0f\xd3C>',202
f19b9736-b3ff-4a16-811e-6478aa6a87c5,whitefrog847,"b'\xf8\xbd\xbc#\x14\x91\x1c\xd3\x18<\xad:\xdbV\xd8\x18X\xdb|{\x14\xc2\x9ct""\x94p\xf4\xc0\xf3\x89\xd5'",203
1c0c0952-b96b-4f32-a4b1-e3ef7e3fb889,ticklishbird409,"b'\x90\xb8a\xb8l\x86\x96""K\xc0zB\x03\xcdi\x92@\xa7\xe3X\x16\xcb\xb6\xc19\xaall`L\x7f\xa0'",204
c04aed02-3f32-41f5-86b6-774236738087,silverpeacock971,b'\xcfu\xad\xca\x0en\x1c:Y\x04\x0f+\x82T\x96`\xd2e3`\xcc\xdb\x94\xb7\x1c\xc9\xf7\xfe\xde\xad\x83\xf8',205
ee35fb56-cdf8-4b43-84c3-f8f4b9d7d2f1,redpeacock486,b'5\xceBZ\xa0|0\xb0?\xcdC\xbeM\xc8;\r\xa5\xe6*^\xfa\x9d\xee4\xe1h;mxh\x1b\xf7',206
44a08501-5486-4e84-a2b2-89836e4af5bc,beautifulwolf276,b'\xa3\x1a\xb4\xdaC\x19\x85\xe0\xa1v{\xcb.\x1f\x99\x05\xdaeH\xa6-\xfd\xb8\xcd\x03\xbb\xab\xfaR\x80}W',207
8de5421d-fe9b-4433-91df-da9f522b27a9,blackzebra593,b'\x0f\x8a\x85\xa9\xbd\xc1sj\xfb\x1c\xe1D\x9a-\xc1\x8c\xfa\xae$h\xdaa\x1e\x99\x80\x8f\xf3\xec\xf8\xc5T\xc7',208
d514638e-5b7e-4918-90b2-73fa1c48e2d2,smallbird593,"b""\xdbd\x83\xe6\x82]\x17TFy'\xabP\x07W]\x9d\xbcN\x12\xb9\xe8\xab\xeb\x9e\x7f!MC\xab\xe0\xa9""",209
ddc8341f-7700-4f33-8054-6ca4be31f13c,smallleopard990,"b'\xdcDk5l\x00\xe9\xa8\xeeB\x19f\x9aT\xef\x81\xbcUq\t[{\x9f\xbb\xaa\x1d\xa6\xe0\x8enJ""'",210
ca8bc769-57ea-449a-8609-9445c332574d,crazymouse864,b'`\xfc\xae\x8e\x10\xcf\xc8\xe4@\x7f\xd8.}Ow\xd4\xaeT(\xbc\x1f\xcc=d\xb7\xd0\x9c1\xba[V\x99',211
78604eba-9f16-43b3-9ab7-b7cdd290154b,ticklishbird706,b'3\x1f\x9dy\xcc\xb1\xc5O\x8b\xd1\xe3&$\xa65\x19\xfd\xa0\x1ag\xf7f\x93\xdae[V\xec_\xad\xc0\xcf',212
710fbc84-3f6c-4386-8c69-7e52bdc5aa67,whitepeacock685,"b'\xd2\x1aR\xd7eJ\x94FKL\x88,\xc7H\xeb\x02\xeeH\xf7\xe9\xc1\xaaPG\xd1!\x00\xf2\xf3#\xf5i'",213
1db80d63-7c42-44b2-8202-035e9cf80431,bigmouse534,"b'Le\x06U%\xfc\xa1\x06\xc57\xf1\xb7\xdch\xd6,\xd1\x17\x01\x12\xb1\xe5\x0b\x83\xe9T4N\n.\xac\x1f'",214
710111e8-5ed6-45c5-99a2-cd0c912fcc33,orangeduck578,b'K*X{\x9aJ\x1b``B\x05\xc7\xea\x08\x9f\xed\xcf\x19^\xf2\xe4c\x87Ob\xf3\xca\xc6\x17\xa6\xdf\x07',215
aefde970-f5c7-4117-9b1c-586708e83547,beautifulgorilla429,b'SW\x14\xde\x8f\x11;A\xe4\xe9O\xad*\xf9\x17\xf2\x1f\x98\x901\xca\xd0n\xd2\xfa*N\x8d\xbe\xf7l\t',216
43e7ae1d-9574-4e6d-a30f-51cead8b7f18,beautifulswan182,b'\x04r)\xf8\xd9\xdbu|\x96!\xec\xe0)=@]\xb4\xdcOc\x9c\xfe\xa9\xe4\x06\x91\xa0(F/\xe7\x86',217
9c078f50-5233-444d-9536-131e61b54109,yellowostrich824,"b'db!H\x9a\xad\x81""|\x8a\x12L\xac\xf0P\xa3D\xe93\xab\x11\x1f\x0b\x96;\xb5\xc5;\xbeg\xc2\x8d'",218
72a3578f-c5ce-4932-b096-bd16bb53b795,orangekoala131,b'\xef-g\x05>Q\xc7\x0bhy\xb1Z\xbb\x87\xdb\xdb\x96\xdc\xfc\x8f6\x85\xd8\x1fU\x8c\x08!\x8c\n\r\xd3',219
15a6f5ab-d0c3-4fb1-8636-5b793a05502f,silverrabbit627,b'\xe1=l\xa9\xc4\xbfu\xdb\xfb\xdb\xd4@&\x9b\xbe]\x0b\x85\x03\x17\x005$\xcf\x87\x1fD\xe1O\x16U\x0f',220
445a9978-21ce-4c47-b1e5-8c4649d80faf,silvermouse759,b'\xe7U\xb5\xf6\xaf\xd4\x1c\xd8\xa6<B\xf9\x9b\xcb\xff\xfe5\xa1Bz\x80\x1b\x8f\xd5\x15&H\xaf\xcf\xfd\x02\x7f',221
e549e475-83e6-4af1-9b54-8243d4df4273,brownfish169,b'\xf4\x14Mr\x99b[\x0c\xcf\n\xd2\xbe\xe9>\xedB\xee\xbbo5\xd8\x1b\x9f\x0c\xfb\x9c\xce .\xf0\x19\xc0',222
20a35437-a902-443c-aa9a-52fea237ee20,bigduck708,b'\xad\x0f\x87\xe9\x13%\xf7K\x88\xe7\xb2Q{9\xfeFZk\xd6\xa8\xec=\x92l\xe0P\xa6\xcd%\xa9;\xfa',223
bc972d25-34b8-470a-9e35-a980378731e1,lazypeacock203,b'\x83\x03\x042u\x18\xe9\x15h\xf7d\xe0\xc6\x83-\xa1\x82\xde&c\xc7\xee\xebk\xe8\x97\xeb\xfe\xde\xe4\xea\x97',224
a5f1e94f-8127-4778-801c-355dc777abaa,blackleopard484,"b'Z*\xd4\xa3\x9d2n""R\xda_\xf5\xb1\xd6I\xed\x05\x81\'\x17\r\xf2D\x8f\x07n\xfc\x9d\xb1\xf7\x85w'",225
a3ba1e2b-1706-4a8a-adf4-4e70554eafea,whitesnake233,b'o#\x93h\x06\x9e\xb7[\xa63J\xd5\x01\xe7\xf3y\xd9\x16\x1a\x0f\x07\xc25\xd0`[\x9c\xe6\x91\xc1i\x84',226
451362a7-6fa9-4c55-be32-e1e609cd7497,heavybutterfly410,b'w\xbe\xa1\xab\x05\xbb\x8a\x8a\x88v\x03\xbf\xecm/<\xd5\x81;\x07\x1dMX\x0f\x125\xe4\xe8\xa5\xf1:\xef',227
ac3cc8b1-a1c0-4d72-91f8-3409de1d9c7e,goldenrabbit568,b'\xf1\x13\xef\x98\xb4%\xf4\rJ\x8e<\xfe\x7f\xe2\x1fH\xf9w\xbd\x9d\xc2o\xeb\xe8B\xe7x\x1b-\xe9y\xda',228
36b06539-6cb7-44dc-bf0d-b54b4b947cfe,tinybear432,b'\xdbM\x87\xaa\x1e\xa3\xcd\xc9\x038\xa2\x97U5\x0f\x8bY\x96Ih\xd1<sVeV\x1d\xef1\x82Zl',229
b28ae681-aa1e-4870-b566-20d19d629eff,beautifulpeacock254,b'~\x7f\n\xfa(\x0e`\xbb\xdd\x96\xa4g\xc7\x8c\xe01\x03\x88K\x1d\x95\x8fc\x08\x82u^{h\xd0\xa2\r',230
d41454b0-bdae-4185-9a0c-c9273c35174d,biggoose149,"b'\xe8\xe5\x02\x80\xd5\x89\x88\xeb""[\x99\x08rT\n\x84\x13C\xc2)\xf1\x01\x8b\xa0\xd1\xe3\xc3\xb1\x05\xc7\xa8\x9d'",231
18617c05-19d0-4d83-a8b5-91fead7df85f,redmouse466,b'N+\x8e\xc7\xf1\x89)_B\xb7l\xe0\x0c?]\x7f\x86\xe1U?\xc2\xb9\x12\x1f\xa2l]\x99V+\x86\x10',232
af312f81-833b-416c-94d3-955a9f17f703,ticklishswan427,b'\x1e\x0bM\xd7v\xf4\xd1\x11R\xebl\x8b\xad\xe67&\x94:b\xd3\xfe\xcc\x96\x91+\x03\xba\x9a\r\x94\xcb*',233
f8ed5619-85e8-4cd3-a6e1-2ec27c210396,happytiger487,b'(\x82\xdam\x80Wf\xfd\xa2I\xc8\xf8\xf2\xb8\xa2\xc2\x1d\xb3\x86$\xcfvn\x06s\x15\xc2\xf4\xaf\\\x8c\xd6',234
7181b06a-5077-4514-a1fc-eae5238f7321,blackleopard192,b'\xbcuN\x08\x9e@A3\xcd\xc2\xedqHn{\x16\xa7\xa2\xcc\xa2\xd8\xcec/}\x14\xaf\x0e(\x94\xd0\xd4',235
0be022b4-ccf1-4ef0-9c3a-6e4c95470a65,tinydog713,b'\x0e\xa6\x97w\xce\xd8A\xa2k\xe3\x1c\x7f\x99\xddbz\xf4\x81\xd4\xb1C\xea{<\xfa\xa3bm_\x17\xd2p',236
bf3cc6b4-dc7c-4d20-a801-6318cc3f6cc0,organicgorilla238,b'\x7f\xbeg-\xe9o\x97v\x0cx\xd9W\x19h\xf7\t\xd6\x96!\x14\x14fx\xe2\xa9%\xd6;]\xf5d\xba',237
34cfa6d8-c7c0-4a80-9d94-34a57e0248a6,lazytiger262,b']\x07b\xa2\xfaKSI\xde\x1f\xd7\xf6\xa2By\x14\xa7U\xb2\x1c\x88 \x02\xe4\xf4E\xd4\xf7\xa2G\xdb\x8f',238
f70b40a4-d4d5-4401-9759-63711dfebc81,bluekoala129,b'\xf8\xcf]u\xc6*I\x95\xb7\x85~\x98\xcc\xaf\x19\x81?\xdc\x14\xec\xa9t\xb5\x87\xeaA\xd1\xb2;\x1e\x88}',239
be993c45-7be8-4aeb-adc0-d4444ba2ed3c,ticklishbird492,"b'\x19\x02Y\xe49y\x8c,\n\xdb2X\xa6\x1e\xc1\xd1\xe5@\xaa\xf3\x96\x9c|\xe5J\xd7\x1f\xbc1\xf8\x9c\xbf'",240
c0d25138-6a0e-4557-853c-4d6bd3a0f12f,silverostrich189,b'<_R\xef\x8d\xe2\x9d\x8dPcN\x8f\xbc\xad<\xccZj\x89\xee\x9a]\x08a)\x1amj\x9dC\xf2\x89',241
d27d60b4-f6ae-462e-9e1b-d021a9546898,orangesnake570,b'\xea\x18\x99\x89V\xf7]\xfe\x824\xea\xed\x84\x02[nw\x0fa\xa2$To\xaf\xb6\x8b\xee\x9b\x96N\xbc8',242
27ea2507-dcec-4d3c-a766-0d72b97e5231,bluefish720,b'\xb8\x1a\xd9j9\xac\xeb\xe7\xdel\rhfb\xed5\x8a\xefx]\x14\xd6t\x9f\x7f\x87\xcaB\xfc\xf3\xe9\xd9',243
b608ea8c-b26c-46c1-a886-bfcb7a974ac0,heavykoala911,b'\xe9\x0c\xec4f\xd7m\xa2\xc4\xf42\xa3#\x94\x1c\x8c\x14^\x14\xa1&*o$\xca?\xf6\xb6\xc0\xb0\xf1\x0c',244
b76ed648-e1d8-41b3-bb0a-dc2058dbec50,lazyzebra936,b'\xe0\xfc\xc9&\xfeBD\x89\xbb\xf8\x13\xfe\x0e\xd3\xb9C0.\xb9j\xc2T\xa9\x93l\x00\xf9\x1a\xa9s\xfc\xcc',245
4588ff41-0edd-4656-b3f8-58df7c7a451a,orangemouse289,b'|\x1b\xfay\x15\xb3\x16#\xcb\xc3\x90\xc6V\xe8\x87\t\xc1\xb7i\xca\x9e7H-\xe7\xb1\xd1\xc2K\xfe\xa6\xfb',246
f0744893-6417-46ee-97e8-85bfc1db5882,organicgoose122,b'\x8a\xc1\xc7\x8d\xe9\xd9\xc3x\x12.\x7f\xa19\xa8\x1e\xe7J\xa1\xb8\xc2\xb4\xa0S\xe4\xdd3\x0b\x90\xd4>\xef\xec',247
b8c53409-6817-472b-a5d9-caf9c6711e98,blackdog884,b'\xdc\x97\xd5\xf0\x98\xdd\xf1f!\xd5t\x81\xcfS\xb1J|\xd4QCrC)\x1e\x83\x9cYm\xc3m\xe4B',248
6d9afa97-d01b-4e08-8431-6dc594234b11,blackzebra859,b'\xe0_\x9f\x983\xcb\xa2.\x87\xf27f]\xec[\x1a\xef\xaa\xd4\x9c\x80\xee\xdaH\x87\x98\xb8\xf2W\n\xe8\xb6',249
ff058139-c775-403c-a156-61b544876f9f,bigdog558,b'(\xa4\x0cK\x8d*\xf4#`\xe9x!\x0c\xf3er)\x86\xafX\xf9z\xa3\xd7\xb5ZvK\xd8:0 ',250
6ff4766d-cc59-475a-a4f7-e0760d1a878c,goldenbird820,b'\xe9\x0b\x8c\xf7\x1d3\xb9d\xaa\x8c\xb9\x06\x113\xab\x98a\xe3\xef\xac\xe1\xb5l=\x18\xf1l@=\x92\xa8\x96',251
cc8a153f-40ae-4652-a2e4-ea9b9b29e748,greenelephant206,b'\x03\xc8f\x819\x0e\xdf\xa9\x15\x01\x81Z\xeftLI\xe5P\xf1\x10\xd1\xa7$A\xd5\xf6\x18Z\x04\x94\xbe\xab',252
bb302572-74d9-4ce3-bc38-8e2e5decc748,whiteladybug742,"b'F4""\x07\x8c\x05\xa9\x02\xe7\xc3JW\xf0q\xf5\xa7L\x1b\x93\xd7\xb1\xe7\xc0\xc3\x17\x84\xbd\xeb\x1d-\x10a'",253
7bb98a9b-0b06-4f02-bde2-bb1f259febca,goldenduck306,b'\x07\xea\xfd]\xf6\xa9!D\x84\xae4\x03Mv[\xb8\x1b\xc5)\n\x884\x99\x84~-\xa1F%\x14\xf9\xc7',254
5f816822-aa02-4510-8d94-d5966e790c34,lazybird647,b'\xe0\xfc\xc9&\xfeBD\x89\xbb\xf8\x13\xfe\x0e\xd3\xb9C0.\xb9j\xc2T\xa9\x93l\x00\xf9\x1a\xa9s\xfc\xcc',255
e70fa06d-73fc-4d52-90cc-9b4f72610813,brownbear656,b'\x8a?\xbcHI\x18&\x90\xbcW\x98\x9bk\xab\x14\xc6\xfb$\x86%\x1b\xb1n\xa4\xb2]\r\xd9\x9ft\x02\xda',256
ab7d2fdc-c8dc-4444-8e31-bc8a7a5f81ce,purpleelephant286,b'k\xa0\xc6\xf3{\xa0\xf8\x07*@k\xc4\x16[0g~\xad\xff\x8b\xd43\xbcf^\x07Q\x97\xec\rgj',257
d6aa30d5-1e67-4e17-9c4f-f4baa5e1c1f9,lazypeacock136,b'\x94c\x9d\x8b\x07\xab\xb0o`\xe5d\xe1\x1c\xba\xfd\xc3\x01\xe1Z8\xc4|\xd8Z\xee\xe0A\xf1\xc4\xed\xfb<',258
afc0a24b-7af3-449b-b777-2d03c03c720c,purpleelephant295,b'\x80\xc8\x97\x8b\xffK\xf9?\xd4E\xa75d\xed\xc5}\x18\xa6o\x9f\x10\xc6.1\xe5$\xf4\x03.\x05\xfc\xac',259
45edce9c-520b-4e0b-9595-b0cab705d0dd,bluesnake301,b'\xa7)\xa6\xd1\x936\x90\xdeW(\xc3\x7f\r\x8f1o\xa385\x15X\xebb\xb0\x90\xb2biGF\x89\x9b',260
6168e12d-6633-4c86-9182-0c4ccbcc4f57,purplekoala880,b'\x9eX\x1a\x99\xd8\x8a0\xdf\xdaz\xb4r\x00\x185\x18\xbd\xcc\xe53\xe1n\xf3\xf2\xa6N\xa5\xd9\x80\xc9D\xef',261
4c982c5d-4e1c-4878-aa0d-b6cc75f60867,ticklishmeercat887,b'#C\xf4E1\xb2\x82\xc3\x9a\x1e\x1d\xec\xf4z\xa4\xa5@?\x03\xf9\xad\x84y\x1a\xf6/\x0c\x84\x81\x96\xc8n',262
7503bd4b-0448-4516-a174-4f4f44b44b0d,happyzebra781,b'<\xdb\xdfJ\xa2e\x9b\x12\x98nlW \xfb0#r\xf4\x13\xab\xc6-no\xcd\x16\x94\xb2\x90\x11\x85\xb2',263
28f31ba2-e903-4a0c-bfac-685d524faaf3,angryduck884,"b'""\xf4\xf2\xb6\x92u\xc0X\x86\xde\xcf\xf9\xe1\x0b\x87\x81Z(\xd5\xfd\xc7\x05\xa5(\xa80\x80\xf95\x17p-'",264
4e8df3e4-6f8d-40fb-b3d8-7412169802fb,purplekoala727,"b'b\xf5\xe5\xe66\xe8\xaaYA\xd0<p2\xc5\xbb\x16^""\xb7<\xb5\x81\x89\xa6\x9e\xa6\xca>T\xa9G-'",265
a4e8b605-e4ce-4f95-bd59-7531a664bb39,happymeercat245,"b""wQ \xd1\x9f\xed\xcb\x17\xb3\xea\xd4I\xfe1\xea\xea\x8d'!\x07\x114'\x8d\x1d3\x19:g8\xe8.""",266
fc5d4b12-5833-431b-bf5c-b54237db550c,greenpeacock279,b'\xed\x06aH\x05\x17\x0c\xcb\xb6\x9e\xab%\x84\x11\xcd\xca\x8eP\xeb?\x9dz4\x1c\xe6/\xee\xdd\x9c!v\x98',267
26cd632c-f9bb-41a6-bd7d-79c0847bbaba,organiclion125,b'\x0f\x86\xdeu\xf0`-\\3\xa7\x07 \x8a\x80]\xb4\xaaTG\xf5\x94a\x01\xac>X\x96\xe3\x1b`\xb7w',268
437325f3-c627-4974-92a1-a1400182d1c3,beautifulfish769,b'\xa9v?\xe2\xda\x97osP!\xaeXL\x0b\xed\xd3\xf5>\x91\xb4\xc0\xb6\xd9\xe4\x16\xc9\x96\xc8#E\xe9\xa2',269
89496502-2716-4290-af64-9e04b9723199,tinylion337,b'\xe8\xb69\xc2\xd7\xc5\x1d\x82~\xa1\xc3\xa4\xc9\x91\xe7\xed\xa6\xa0\xa1\x10% <X\xfao\x89\x14\x82\x8d\xddu',270
28941343-ac6c-4d0a-93e8-4810795934af,angrydog744,b'[\xb1\x9c\xbc\xf3\xd7\xa2\xc2\x94\x82%\x81\xfaha\x03\x15\x18Y\xcb\x82\xec\n\xb5|PR\xcbx\xb4K\xcb',271
7bf0bebb-420b-4952-8925-dc79bf440944,bluetiger685,b'Ik\xb4X\xd4\xd1v#0\xe5$m\x07/7\xff\x95\xcc<\x87\xa5\x10\xfewn\xb3?\x8aHc\x1c\xd5',272
ff34c28c-9668-4d1e-aaa9-8798cf4d6983,blackgoose426,b'\xdb5\xaa\xd2\x19\x03o\x8dG9\xaa\x85\xabx\xaf\xfb\xb7\x92>\xd8^\x1e<\x88?i\xe3\x99})\x03i',273
0b384081-14a3-4cb8-9c01-e1286c31c885,whiteladybug288,"b'\xf2\x83#\xc5\x11\xdeR\xc1\xc1\xc9y\xf4p\x813\x85Z\x85\x87\x80s?\x98\n\xebr\x13\xcb,\x1ca\xe6'",274
6e7483c2-b160-4aed-9485-70f01c0c7eba,angrytiger843,b'f\xb6\xa3\xbd\xe1+\x15\xb0\xa2\x7f\x0c\xe6\x01\x8c\xf38o\x7f\x00\xc9f\x17\x99\xdd\xb1\xfc\x84E42\x9f\xda',275
75332653-a84c-490a-8ef7-39fd8e32aeed,ticklishgorilla826,b':\x15\x9cn\xef\x981\xef!.Y\x87u\x00\x83D\xaaB\xd9\xa8\x8ac\xaa\xe3\xa6\xd9\xa0\xd1i=\x98\xd9',276
6f97db15-0c95-4aae-960f-a66fca01e852,crazycat505,"b'\xfd<\x9fF\x8b\xbe\xc4\x17C\x98\x19\x13L\xaf\xc1 \x0f\x84\xac\xe5\xcd\x94v\x9d""\xf2\xa8\x1cU\x87\xfdy'",277
e63662d8-d47f-4175-92ba-cc97ea3d2b4e,crazyswan355,b'S\xa1\x0f\xbd\xce%\xfe\x95A5\xb1\xa7\n\xdb\xac\x1d\x91\xe5\x96\xfe\xc8~\xdd=\xae\xa5\x7f\x7f\xb5\xa1\xc1\xbb',278
64350e6f-5298-4b33-9b7f-9e087bf32c48,heavybird679,"b'\xb6\x98]\x1d-\xeb\xe4\x11$\xdd\x17\xfa]\r\xd5\xf8\xc1\xc1\x81\xcd\xa9""\x80r\x1c\xe7\xb5\t\xa2\xde$d'",279
d6cea4d9-99eb-4f68-9306-968817ba2b69,ticklishduck788,b'\xa3}\xb8b\x06\xd9)hv\x9b\x96\xa85\xaf`\x15\x11lDK\xdf\xc3<[d\xf7\x08u4\xb1\x93\x19',280
a5178172-cb4b-4fd3-8380-1e3bfca69e74,ticklishostrich966,b'\xb2\x11\xa6\x10\xcd_\xa3\xda8\xe9R\x04:\x88\xb1\x03Q\xf0\xa5\xbd\xad\x87\x8f\x8d*u\xd6\x13\t\xca\xb3B',281
8ecb2d49-49e9-41f6-a6db-fdce34d4ac3d,lazyduck900,b'B\r\xd8\xa5\xce\t\x0e\x98\xb7?\xafP\xee\xf0\x11\x0b+ao\xf1\x14\x1b\xb0\x17\x93\x9eV\xe1\xa3\xa6\xc8\x1f',282
66d283b0-d0a6-4d5f-8194-9d00566182b5,bigrabbit255,b'\x06\xa5\xfat=QT\r\xa0\xce\xbf\xe0D\x01\xd91\xdf\xe0\xd9nn\xd7\x82\xd5\xda\xed\x12\xffa\x83!2',283
3782e4ba-1f87-4019-b094-1aeeb879fb23,bigduck296,b'\x0c\xe9%\x88\xeb/>\x92\xbaxO\xfcI\x82M\x96\xe9\x00\x1ew\xd7{~\xd3t/\x1c\x96F\xdf\xe1\xcf',284
427e8622-0bb0-434c-ab34-b70b45442b18,bigelephant677,b'2T\xd8\xc0\xf8T\x88*U-\xad\x1du\x0c2\x8b\xc4\xbfZ;\t\x99}\x9b\xa0\xc9YJB\x0cL+',285
f6eb847b-d2b6-4c97-baa9-f0515e872485,orangedog914,b'\xdc\x97\xd5\xf0\x98\xdd\xf1f!\xd5t\x81\xcfS\xb1J|\xd4QCrC)\x1e\x83\x9cYm\xc3m\xe4B',286
27798320-ad14-40ef-8472-42f559c49f6d,angryleopard664,b'\xb2\x11\xa6\x10\xcd_\xa3\xda8\xe9R\x04:\x88\xb1\x03Q\xf0\xa5\xbd\xad\x87\x8f\x8d*u\xd6\x13\t\xca\xb3B',287
8327b488-7788-4c4e-bdca-46fccbe9d47b,purplecat593,b'\x84\x9a\xbd\x84>Mx\xae\xb9\x13\x88\x88s\xf9\xd2\x8eO\xd8\xd0]\xb4\x13\x14fb\x80}0\xd9\xf3\xa8\x1d',288
f6bd4e7c-2456-4da5-b8f4-80b278c10a09,orangefrog539,"b'H""C[j$\x85\xa0\xc6\xd9\x19a\x00P\xff\xd3T\x98#\xf5j\x95a6>3\xf9\xb2\x0eX\x81#'",289
20d53d6e-3adc-4f8a-bac7-d8e8a1d3e6f0,silverzebra265,b'}\x8a\x84\xbd\x00\xa5\xea\x92\x8a\xf44Y\xfe\xb6\x8a\x02\xb6K\x8e\xaa\xf2\xcb\x8dj\x16\x81\x80\xd3\xdb\xac\x0fH',290
9789e5d3-aed2-4ac0-938b-3ca62f675843,beautifulsnake985,b'\xa4 \xe5&\xb9\xf0^\xee\xef\x9d\xc2\xd3H\x08bRa\xb2Bxc\x92\x85\x98\xf8Y\xa1\xc8\xcfQ\xd4\x08',291
94209d90-6c1f-47a9-9886-6b287b18eafb,greenpeacock107,b'\x8cWMA\xd0cX\xda\xec\xcb\x04\xa0\x0c\xf5[\x0fq\xbb\x92\xf9\xd0\xa7\x0f\x9f\xc4\xc5\x98o\xd0\xf4\xf0\xe3',292
71360104-fb96-446b-b8ef-1cb1182e22ab,silverfish145,b'\xba\xcet\xa6\xc1\xa5;\x81^O\xcf\xceF\x0f87\xe0\xc7\xa3\xe8\xee8F+\xe9\xd7\x91\x93~=\x0b\x07',293
9dd1600b-c5b8-434b-89b0-6bf87d6ef4b0,bluekoala364,b'1\xe2e\xa0\x1atG\x1c\x95\x0c\xb6\xc53@TD\xa7\x90\xad\xe4\xed:\xc2\xfa\x9a\xf27\xd5\x86\xee\xef\xb3',294
838acd82-4a5e-4bec-a6d5-4164ec1a2757,goldencat368,b'\xa4 \xe5&\xb9\xf0^\xee\xef\x9d\xc2\xd3H\x08bRa\xb2Bxc\x92\x85\x98\xf8Y\xa1\xc8\xcfQ\xd4\x08',295
0cd32c72-08d8-4c60-a238-53e30d8f1049,yellowduck299,b'\xbbf\xc1<\xf5\xfe\xa1\x87\t\x84\xc9\x85\xa1\xf9u>J\xa3\x8f\x9e\xa8/\xbb\xdc\xb7E\xb1\xb1/*\x0bZ',296
a525f78a-7e6a-4280-a265-5ffa45757ce5,bigmouse106,b'\x1fY\xfd\xb9y\xb0\xd3qd\x85\xfc\xc1]&#\xc6{\x9c*iN\xc7\xfeD3\xa0\xd8\xd7\x14\xfcwu',297
af8babcb-290b-410f-9637-36dd3db3de63,purplecat848,b'BNq\x83\xf7\x02\xaa\xeb\xbc\x1bA\x12\xf8;\xa7\x95\xc0\xe0p\xca\x89\x83V\xbd6\xa3\xc6o\xa5v_\x8b',298
633658a6-d465-4032-8cc7-6f7b55f19cae,smallleopard196,b'\x1f\x90\xd9\xe2\x01I\xc5\x93\xaaPO\xc4\xd3R\xaa\x99\xab\x08\xe4\xcec\x19\xf2S7;\x06\x82\x11\xd3\xa6\x8a',299
a36b815e-5d1c-4650-af05-546004ebb7bc,redgoose366,b'\xa1f\xef:\xc9\xbc\xd3N\xcc\x98\xe6\x19m\xe9C\x11jOi\x99n/\x88\xaa\xde\xdc\x97\xfd0\x86\\\x13',300
f2cae29b-07e1-4c3c-9b11-021db7a97b7d,whiteleopard868,b'>\xc32\x896\xa9\x13\x01M~\xa9i\xe2\xed\xae\xa2\xe8tJ\x00\xfc\xe3#\xec\xbbg\xa2\xd5\xbem\xb4\x98',301
4e865a7c-a505-4efb-9d61-0114e3988471,silverpanda362,b'\x13D\xbf\xa41\xb1\x01\xbeg\xb3 y\x8eh\xebKZv\xaek\xb2\x08\xe0\x19\x04/\xbc\x8e\xec\x8fk\xd5',302
fec7ab35-95bf-433e-8e0a-876bd7f1d66e,happymouse435,b'\xd3F\xef\xfb_I\xd1\xb4\xc1\xcb\xe1j\x06\xc0H/\xa5k\xf1@\x1fs#\x03\x1bO6*\xf8\xe6\\\xf8',303
5a7db970-8d9d-40dc-948c-0b1876d1fe33,angrypeacock785,b'\x12\xf7\xd7\x08\xff{/\t\xb6\x8d\xa0*`\xcd\xbe/\xd1\x06Z\n\xbc\x961\xb3\xfc\xda\xcfocX2\x86',304
30ca307f-856b-418d-a7da-48a2bb0fad53,crazypeacock765,b'.\x0b\x0f\x1f\xee\xa1\x9c\x9bZ\\f*8\xa4\x8a\xbc27\xd4}\xde.\xa1\xae\x11\xfd\xea>\xedZN~',305
a8e8c2b7-fa3d-4edc-b3be-3a367256dde9,smallmouse950,"b'\xc9""\x89OLa\xe6\xbc\xb0\xe2\xabz\xedSy\x9fu\\\xbd\xf8\xbe\xf6\x1d%5\xe5\xba\xf0\x16\x0b\xc1\xa4'",306
08d5d3f5-6bbd-47d1-a60b-496a38c2654b,brownfish829,"b'\xa5\x96VI\xb6)P\x89\xe6\xe5\xb3\xcb\x00Q\xf5p\xfc&\x84u\x064\x0b\xf8D|<\xf6,b~!'",307
aa38450f-e813-46f9-a95a-62686918276b,sadgoose623,"b""$B\x81\x06'ar\\\xfa\xbd'{\xe2iU\xfcm<\x03_\xf77)\x82\xb1\xce\xdfj\xa6\x88\x0ev""",308
d00f954d-6742-4372-b4a7-0ce7ac6c5a4c,goldenswan376,"b'S\xb8\xbc\xf3\x17R}\xcb\xb8\xad\x1d8\xd9\xe3\xb9,\xd2\x19\x06\xad\xa5\x87M15Y\t\x15\xf0\xc2\xb3""'",309
aa8c589e-44ae-44ea-9a14-517846811dd8,angrysnake523,"b'~\xe8U\xdd\xeb\xcbq\xebL%,\x02\x97\xc2&\x9e\xc1\x1b3\xd0o\xe7\xed\x85\xea*!\x8c\x11\x85\x99D'",310
cfd0f4e5-90f0-464e-bc71-02ab75086822,orangegoose470,b'v\xcf\x18\xb8\xc3\x10\xb6\xe0`Uwf\xb96P\x7f\xee\xedq!\xe5\t\xbb\xff~2\x800\xbc\x19{M',311
5197bba5-7bfe-4c2e-a40c-564e9dfc0930,sadleopard702,b'3D\xfd\xaf\xbbYR\x9a\xc1Q@\xed\x99$H\xb3\x81\xb1$\xe7\xf6\xfc\xac\x92k\xcf\xf6\xc9\xa6\xe8AX',312
f2a39852-a73e-41ce-ba2c-d7935611090b,heavysnake177,"b""\xe1\xe9]\xba\x1a\xd2\x84\xd1\x95G\x0e\xdd\xae\r\x0c\x87M\x83\xdbTR1\xe5Z\xb4't\t\xb6L\xd9\x1b""",313
85d9e016-6778-466b-9ce8-fbc67876f859,orangebird953,b'\xc5\xda\xa0~Kw\xc5q\xa2fO\x01Q\xaf\xb2#\xee\xd1#|\xf9\x9e\x1f\xb2hVe\xe9\xd1o\x16\x9b',314
bed72b56-99db-4abd-95f4-3ba2bbc71992,blackwolf464,b'\x1b\xe5\x95\xb68\x1b2{\xa1P\x1d5\xcfB\x01xXq\x83et\xb8\xb4\x89\x00\x97I\x9d\x07\xb9T\xfd',315
1df0958c-fefb-481f-8374-b93c346b96f5,silverelephant915,b'\x9e\xe4\x03\x19F\xb3&\x15\xaf\xe7\xc9\xb2\x8bG0\xd1\x00\xa1\x17\x98\xceYt]\xa8cu=\xa6\xb9W\xa0',316
ee600bb5-d9ab-4fae-9b59-446ee0411023,bluewolf455,"b'\xf7\tR\x18\x14\x9b\xaa,\x06\xe4pL\xc7\x9dB#\x7f\x04\xd9\xc5\x86\xcd\xe8\xab\xe3\xac\x04\x15i\xf67\xbe'",317
8626b84b-36ce-4078-935b-55f23ce8ac62,organicrabbit715,b'\xc5\xda\xa0~Kw\xc5q\xa2fO\x01Q\xaf\xb2#\xee\xd1#|\xf9\x9e\x1f\xb2hVe\xe9\xd1o\x16\x9b',318
17ecf90b-fd65-4aa1-8cab-90617ebd9106,goldentiger595,b'\x86\xcb\x9fjH&\x94A\x1d8\xd0\xf9\x90\xab\xa7\xa5\x8bM\xc5\x13<\x90RS\xb6\xf9\xd0\xc7\\H\x0b\x8f',319
88c2790b-8184-4fad-940f-2ee7b5408ba2,purplefish116,b'4\x0b\xc2B\xcf\xf8\xc4Y\x1dL\xcfl\xd8\xaf\xb9\xc3\xb7\xe2\xc3hxK \x0c3i\\b\xbb\x99!4',320
f84e7c55-f952-473b-91c4-ab1b759f3ffc,goldenladybug691,b'\xbdi\x05\xab\x9f\xd6^W)\x8a#*\xa0a\xcde\x12\x0b\x9e\x89\xect9\xe3\x02\xdd\xfe|\xf0\x8d*3',321
1c20e51c-55fc-4a18-8994-2a7596a7e0b1,redgoose449,b'\xc5w\xd2_\xea\x05\xd3z\xab\xd2\x81%\xff\xb6\xe6\x19\xbb\xe7\x0b\xe3\xc6vD<h\x05\x16\x93M\\\xca\x16',322
0a02ca5d-029e-4f8e-b7dc-28310f22be20,beautifulwolf230,b'\xbew\xad\x99q\xf6\xe7\xb3\x02+TY\x98\x0c\xcb\x98\xf1=\xd1\xbd\xe4\x99i\xbf]A\xdd#c\xc4\x0bU',323
36b73658-fead-4443-926c-975c1201b39d,blueostrich329,b'\x07\xa1!W\xb1\xd5\xfc\xce\xf7\xa1\xf2\xbbj\xe1\xbf\xed\xcd\xfb\r\xab\x03\x96\xac\x8a\xbd\x98\x12\xfe\xfc*\xe0n',324
afa1e617-0f93-4d86-ab52-3e539f7396db,biggoose989,b'XF\x13LE\xdcf|\xae\xd38\xd4\xc1Y\x83\x03?\xa9\xd0w\xfc\xe7\xa0\x86}\xa8\xeck\x8d=+\xf5',325
2bee71c8-97fe-4c77-98ff-d687c7144930,beautifulgoose185,b'hm\x95\x80\x9e\xcfw\xb6\xcdq>\xb3\xd8\x0c\x93.\xee\x15t\xfe\xaf_ RQ\xd3\xb9\xca1\x92w\x14',326
d7caa6ca-914f-4481-83ed-e93bfc807947,smallleopard545,b'yN/\x99\xb9:\x1a\x81ma\x14t<RG\xb5\xab\xf4\xcf\xed\x89q?\xf9\xb2\x88\xa0B\x83\x97\x9e\xb8',327
f2d62004-ffe4-473c-a10a-7521612d2d5a,whitemouse905,b'\x88A\xc3\x93\xb5\xec6p)\xa0u\x8f\x9f\xd3>H\x94\xa6p\xcf}\\o\xb3\xde\xb3\xcd\x8d\xb0\xb7\xf3\xc8',328
9c9bf556-afb2-4eac-b204-4d4d47eabe6f,ticklishcat254,b'\xcf\x1c%\xddR2;\xf4\xe7\xba]B\x8b0\xa9\x86\xdfN\x19\x0c\xfe\xdd~\x8e\x92\xc6\xab.i#h\x14',329
1d7726fc-52c6-4ef3-be9f-fa134ab5184d,blackzebra136,"b'\xea\xd8\xedn\x84\xf1\xa1\xb6\x04\xf7\x82\xbe\xd3\xbf\xb3\x1a\xef\xca7,\xf6\x02\x0b\xfc\x11\x84\xcbH\xdb+\r9'",330
d6fd4cfc-658c-45e2-bc5f-3559a428e3b8,lazyladybug357,b'\xf6\x92\x1c\xe3^\xff\xf2\xeb\xd1\x13\xe5\x15{N\xb9\xe3\xf5\xb6*A\xc1.\x06<\x10~\xbf\xa3A\x02\xae\xcd',331
4ba10b22-d10f-4fb4-837d-9ca5cd3f4608,happyladybug103,"b'\xc0An\x83\xf8\xc4\xd7\x81=\x9dX\x08\xa2\xa9%`\xbd\x16\xd2\xf8\xae\x82""m\xc7U\xcaW\x0cZ6\xc9'",332
9e374a5e-628b-4c29-96f4-4b00c40d0b74,heavyswan685,b'{\x0c-[*X\xa0@\x89\xfa\x86\xdc\xd9\x06\xf9\xddX\xf1\x06\to;\x88\x9c\xfd\\\xb8\xbfY\xb7Qn',333
c82718f7-ea4e-4119-b1f3-7db65aa5a0fb,beautifulgoose821,b'\xd7\xf0\xe7?s\xaa\xd4.\xe9l\xd9\xdd\xc6\x8d\xc9\xaf\x1bn0\xcb\xdc\xe0\xcc\xdfCi\x86\x8c\xf2\x00tF',334
688c2c14-b4e8-4ed3-95df-e9fa8270f680,blueduck648,b'\x18\xe1b\x95\xaf\xab\xf6\xf7z\x99yr\xe8\xa9=\xcdo\xf5;\x8fs\xd2eY]\x04\xc0\xe7\xb0Q\xbfc',335
6e967836-a435-4a13-bc80-4a3549e5d76a,redkoala469,b'K\xd0\x1dT\x10\xf4d\x19p\xe1\x83\x8f\x9dJ=\x0e\x8e\x16\x0b\x9d\x15:r\xa7\x1dn\x03\xe3\x13?\x01:',336
176b5b64-ef3f-46cc-8418-eb3c153c02ae,beautifulmeercat570,"b'\x00\x893l\x97\x11v\x0e\xc5(\xcd\xf0o\xf1\xb6%\xbeT[\xa6\x01{\x15\xff,\xff\xe8\xa6\xad\xc3\xf4 '",337
297902d0-5191-43e6-af7b-7a3868838dda,blackdog333,b'\xf0\x90\xe6\xd3\xf3(\x82\x15\x1d\xc1 6\xd8\xa7 G\x08\x8aI5=\x97&\xee3Eg\xcb\xffoL\xe4',338
5e3e9209-7ec2-4729-83bc-bf449993e261,greendog295,"b'\x1aLd\x9b\xbdIE\xf5\x04\xa2\xaf\xae\x9a\xeb\xdf\xbd\xc5\xfa\x9b\\@\xce,%\xc8\xd6\x10mp\xd6LH'",339
a27172a1-c9e3-49a1-be28-460f86275e50,brownelephant658,b'\xa2\xf2\xe3%k\xe5\x80\xf5D\x8d-\x90\x19\xee\xe0gO:\x1d\x9dQ\xc9\xda/mN\\\x1f\xf0\xa44L',340
ba0621ad-369b-4a7e-825e-c6b72e613215,purplewolf619,b'\x1d:\xc3\xb7\x88J\x9d\x16\x17\xfa\x9f\xf7a_\xd6\xe9S\xd0\xd0\x1cH\xd5\xf2!\x1c\x80CvJ\xfau\x86',341
8087c730-5416-4378-be82-83d68de64930,angrylion835,"b'\xb7x\xbf\xcf\x82\x02\xecp/\x08D\xd7pE\xd8d\x15\xa1\x14\xe5\x1d\xe3\xdf\xd4\xcb\r\xeb,Z\x17:\xcc'",342
863a6341-af4f-493f-89a9-16e8b371a19c,bluelion825,b'\xe4\xc0\x8e\xdc\x0c\xf5\xab[I\xa0\x883\xc4\xb3s\xd9~\xb4\x99L\x13<\xde\xbf\x9f\x8c_\x1c\xf0\x96\xaa\xf8',343
29a6a632-8bb5-4a5b-a13f-0a38f5249780,beautifullion154,b'b\x89.\x0e\xcd\x9e\xacTk\x95*\x82\x90\xe4k\xa0\xc2\xb8\xe3\x9bs\r\x0e\x1b\x1b]\x8cl\x14\xe3@S',344
f7b91442-4fca-4b62-95de-1eb95908af41,organicpanda321,"b""Q3\xd1x\xcb\xc0*\x05?0\xcd\xbeA6\xc3'\xdcS\x96\xb9a\xe1\x82\xe6h\xa4\xda\x1d\xbb\x13C\x85""",345
1aee2de2-0d12-444d-9a8d-1f8df71f7490,crazyleopard316,b'\xa2\xd2R\x97\\\xb2F\x12\x0cER\xea`\x8d\x06\x0es2\xa1\xd4\x0f\xc6pf\xb5`\xf7Gu!vG',346
825b0cdd-b177-4319-af0b-2143145b868e,silverwolf266,"b'g\xe6\x0f\x08g\x0c0\x99\xd9|\xf8\xa0J\x8e\x93)\xc1\x02\x9e\x97\xb554\xcc\xca""\xfc\xab\xcb\xad\xf4\xb1'",347
9f9c493e-f5a0-45aa-a59f-4f7c256795d2,redladybug812,"b""\x1c\xbb(\n\xf1\x93:r\x95\x0e'\x03\x9aA\x91\xed)\xb6(\xd4\x0e*J-3\xcf:]\xf78\xda\xf1""",348
7f42ac5d-e241-4c53-968c-eb3aa43ae471,brownladybug793,b'\xa6\x0bJP\xc0\x8b-_\x00\x12\xa8\xd6m;\x9b\xde\x0bS\xfd?\xf3G\xf1\xf5\x9f\xf4\xf5\xd5\x84\xd0l\x85',349
e88308c0-048b-4b2f-8125-8b01200a7d8d,heavyladybug283,"b'A\x03\x9e\xcdj\xf1i\x9d9f\x01\x165Q\x12,O\x92\xa7\xf62\x18\xfcDG\xa4\x01/\xebt\xb0O'",350
1bfa883d-8f56-4899-bfe7-c0b92607ab9c,whitewolf160,b'\x1b\x98\x93\xc7\xc3W\x94g4\xb5\xd2F\x90\xa6\xf8\n\x95\xc2\xfe\xbf\xf0\x7f\xb9\x83|\x96l\x16\xdb\x01;\x06',351
2fc18232-d8f1-4adb-8b45-ba810b282053,organicwolf891,b'\x9bse\xc7\x92\xab\x81\xad\x15o\xac\x80\x8a\x80)\xc8\x92k%4\xe6\xf4\xe4.3\xfb\xab\xeb%F\x8d\x05',352
b05573dd-0b3b-4765-88f9-69c910e26880,happytiger391,"b'\xbe\xa9Msm\xa3a\x92\xcc\\\x8e\x83\x8c\x1f\xde+\x97\x12rew\xaf\xc2\xbbs,9Z\x1f\xfd\xfdA'",353
b0185a0a-78cc-409b-a549-2de38764adcb,sadostrich994,"b""\xb8\x08\x8d\xb4\x16l\x8e\x06Be's\xcc\xc5,F\xa4f\xcez\xf27\xcf\xaa56\xb4\x13\xaf\xb7 U""",354
2778b8fd-da47-4123-827c-3a5e3dbd06ed,smallduck182,"b""\xd8\xf94\x13\x1fS\xf0\xf1\xabh\x03\x96\xc37\xa1\\\x07;\x82\xdd\x8c\xe6ca^J\xc5'`\xc5Z\x98""",355
d3c4abee-2cc5-4f81-b8d0-a8c1bb356f4b,lazysnake145,b'\xf1\xcbC\x97LZ\xc0kxP\x13.\x7fw\xcbN\x9a\xa7e\xf3*\xf2c{\x0f\x07\x1e\x10\x1bs\xf8\xde',356
1916d2b4-718d-4b70-97e9-92d527f59f64,organicleopard627,b'MG\xef&z\xfd$7\xe5n\xa7\x02\xf9D\xb6\xdd\\\x1d\xb9\x0f\xba\x1b\xbd\t\x86\x07Ex4To\x0c',357
cddfca76-a6cd-46c0-a0a1-9f6c745204c4,crazyostrich190,b'3\xde\xc2)\xfex\x83\x90\xc8\xd4sK\xaah\x95\x9e\xf2\\\x1b\xda\x83\xae\x92\xa2\xaaX\x80\xb6\xd7\xe7\xb9\xbd',358
216c7d3c-f2ba-488b-a375-0428f04202dc,angryleopard697,b'\xf42\x85\xf1\x15(\x8f\xfdc<=\xe9\tW\x06\xd9U\xfe\xed5mTm1\x8f1\xb3\xb5\xf0\xb0\x14r',359
74aefc4a-92fc-4f30-935c-5094b532c558,heavyfrog517,b'\xbb\xff\xbfg\x8c\xef\xf0r<Sd\xb5Iz\x06\xb8g+\x9e\x86\xe2k\xc75}\x96<\x92\x1b\x0c\xd3\x8d',360
55f5b360-5f77-4564-a958-6bf33e7078cf,sadduck918,"b'=\xf4\x99\x13(\xf7\x0ep\xfdz\xf1\xdc\xe7nJ\x96\x9a""\x85K\xffM+\xe4\xb2\xda&\'\x15\xf1%I'",361
4137276a-530c-454a-ac5f-7a20f0a6b3b1,tinyleopard976,b'\x1e\xb7\xa15E\xa1O\xdd\xd2\xd2&\xc3k\\\x84tQ\xeb_\xbd\x93\x0c:\xfb\xf2\x05\xd6O\x10\x98\xb2\xa3',362
3619a0f9-8c97-4cf4-9c16-b94000ac5c1a,silverbear502,"b'1E\xe8\x9a\xc0\xa6\xd9\xbf\x1d\xc3\x9b3\x1c\x19\xef\t\x95$}\xbe\\{8\x08\x14X\x859,ba\n'",363
27eaf6bd-5e42-4fbb-8ca0-fe3957a5cbdb,tinygorilla384,b';\x1e \x08\xac{\x9e\xdd\xc9l\x1a%D\xf9\xc06MG-C\x8ab\xc1OP\x19\xe0\x14O\xfc\x80\x8b',364
324b9ea5-e541-4f3a-b183-81a6e1b772a1,goldengoose141,b'\xa3(\n0[\x96\x10\xfc\x13\xdf\xde|\x02G\xfdC\x83a\xab\x0f%\x95\x00Y\x89\xdf\x9c\x8d\x96?\xf3\x1c',365
a71ff67b-cdaf-4252-9fda-13a51702e220,organicduck506,b'\xbc\xa8?\xccB\x87N\xb7\x8d|W\xaaA\xf5\xd1 b\xa6F\x86H<\xd6\x0c\xa3\xe1\xa9\x05%\x8b\xb6u',366
579d065e-c50f-4cc4-aea4-fe0f39c8eea9,whiteduck689,b'\x9a~@u\x8f\x00\x9a>B\x94\x9fF\x9a\x8c\x8f\x94\xc0j\x13\xe5\xa6\xfa\x9c/\x80[\xe6;\xd9\xcdA\x1f',367
1e7460b6-e780-438a-841d-1c8e69746d99,bigbear602,"b'\x93\x85_//\xe9\x19""\x8f\xff_\x94\x7f\xcfVT\xd70\xba\x03-\t\x1a\xa53,\xd4M\x85@\xfbq'",368
4e821dec-f467-436a-adfe-428b0e75409c,crazyleopard602,"b',\x06\xbeOJ,:{\xfeg\xda\xf9\x17\x8dof?9%\xa4\x99\xdc\xbc\xa6\xc3\x81x~\r\x16*\xf6'",369
21972fac-7c05-4a01-98b0-c4d25671019b,crazymeercat851,b'\xdf\x04\x15\x08\xb1\xbf\xbc#\xb0\x91\xba\xd4\xc7?\xe6\x83\xbdoo*8\x96\xdb\xf9 VV\xe6\xd4\xdf&\xd2',370
dc429d83-5c60-4df6-8718-700db44f9af5,whiteleopard867,"b']\xcc\x0e\xbeJ@\xe5>V\x18\xc0X,~\x0e\xbf\xe4\xb0\xa5p\t\x87\x13\xfag\x0b8\xbc\x93j\\\xcf'",371
444dc8f0-3f83-4b4a-be91-b6b9cda7905d,redmeercat508,b'\xeb\xf8\xba\x05\xbe\x01\x15\xc3\xa3\xbbs\xf07\xfdC?}\xd31\xe0\x95\x94\x9b\x17\xf6\xff\x07\x85\xf3_\x88\xa2',372
91aeda94-faa2-4b9c-ae84-f9d527399b10,brownleopard299,"b'\x91\xf52a4~X\xad]o\x8e]\xd2\x88J*\xbe\xd8,??\x9c\x0f""\x06\xad\xbbO\x85(\x0e\xd8'",373
46714eb0-bb8a-4c9b-a849-39d854b47e07,ticklishduck763,"b""\xeb\xbb>\xd0\xc0XZ`\x92Y=\x18\x1a\xb8\x12\xc9`\xc3\xf5\xa7T\xa5'\xf4\xb2\x9c9\xcbJ\x7f\x0cY""",374
5f894a41-9ea2-4e4a-acc4-f8ba2e441a1d,goldenkoala233,"b""\xd8\xf94\x13\x1fS\xf0\xf1\xabh\x03\x96\xc37\xa1\\\x07;\x82\xdd\x8c\xe6ca^J\xc5'`\xc5Z\x98""",375
4b06dedf-82f5-4486-9b74-444208f66439,blackfish559,b'N+\x8e\xc7\xf1\x89)_B\xb7l\xe0\x0c?]\x7f\x86\xe1U?\xc2\xb9\x12\x1f\xa2l]\x99V+\x86\x10',376
7923cab7-b313-4af7-8581-1529578c5ae7,heavybird993,b'\xf5\xe2\xc7xBJ^\xc1g\x8f{E7\xf8\xcd1\x9a\xe1h\xbb7\xc1\xdb\xa7\x94\xe8\xbd\xf4\xb5\xb3\xc3\x8c',377
5a267c91-5633-4a37-b1c6-98f6fa7f4a7c,organicbird718,b' \x86O\xc4\x96\xa2\x92\xbcC\x89\xa8\t\x14Y1l\xb6\x8f\xabs+\x9a\xbd\xabR[\x00\xac~\x89\x0c?',378
c77344ed-83b6-480d-9410-60b850df4ee8,bigdog273,b'3\x0b\x1f\x9cWIl\xd2\x0f\t\x1d\x13z]\x9f\xa3\xa4A\xfa\x10\x98\xd1\x81\x1a5\xe6\xc7\x05\x92J\x8b\x03',379
5a227792-e286-4d14-9f6b-0992353735da,bigmouse657,"b'Vk\x8a\xcf50\xab$4\x07\xe6\xc8\xf4u_""-U\xaa\xe8\xa0-E24\xe86\xff\t\x8b\x9f\xee'",380
ea2febbf-d5df-4f92-b87f-f1c330d7ed2d,redcat610,b'\x02B\xf4C\xc7\xd6\x0c?\xd2\xaf\xfa\xaf@\x1f\xb3\xbe\xfd1}\x06d\xf0G{\xaa}\xf87\xcf\x8bk{',381
6244e2de-5eba-456c-904b-5f0f48e6ba19,greenzebra530,"b'D,\xa0\xaa\x19\xb7\x92n\t&\xbbk&T\xb3~\x81\xb64\x88\xbe$\xd99\x96\x9aWV\x89\xc7,2'",382
f1842b6e-ec83-424d-8bb6-864337156cf8,brownbear692,"b'f\x8e\xe8\xd7\xb1\xc7,\x96|\x18\x17\xc6\xa3E""z.\x11\x1f!\xbd\xab\x97\x1b\x93\x9e*\xddr\x14\xda\xd1'",383
d7da331d-77f7-4782-b640-0337def9fa60,tinykoala331,"b'IL\x9bt""\xcf\\4\x05\x1a\xac\x96\x9a\xf08D\xf2\x16QxK\xbc\x05T\xf6\xe5\xcf\x06$\xdf.\xb5'",384
05c84276-3fea-4554-af0b-9206643e7e49,angrypanda524,"b'\xfc\xa53\x8f\xad\xb3\r\xf3\xdeI\xc8\x96\x8c\xf3s#\xa3\xfc\xea\xe2a\x037\xb8\x9d\xb8@O\x13""O\x12'",385
15fbe56e-5dce-4bce-85fd-7260da9cf70e,greenwolf391,"b'>Y\xf0\x0c\x0e\x8b\x01~\x876\x9a\x0e4,G\xc6\xd8\x16o\x89\xff\x8aNP\x12;M\x8fv\xd1_l'",386
0ca25176-9e5f-46cd-af45-c5f930d60b20,happywolf135,b'Hv\x06\x87\x18\x9a\x8c\xad\xb4\x9d\n\x9f8\xc4\x8a\x88 \x8ebU<\x1d\xd7xGn\x87\x99M\xe7*\xe6',387
304e0c90-87fa-4897-b627-af7041d7ffda,smallswan605,b'\xc7\xd1\xa0i\xf7E\x1d\xf1h\xf0v\xb8\xfdC\xb2\x1f\xfd\xb3\xd3\x91j\x05\xfd\xeb(\\\xb9TK^\xc0\xe6',388
eec5daf4-f3b1-450e-930c-f8c633765603,happycat891,b'\xa3\x08u\xfd\xbe\xb1\xc7\xd1\x02\xa3;E\xbb|\xae\xb1\xfb\x19\xcf\xe3\xee\xa6K)\xa3\x89\xb8-\xaf9\xde\x17',389
eb92f859-f39d-450d-8bde-6dae696ca8eb,purplelion372,b'\xf8\xe6\xe5h\xf5\x06\xf1\xdb+\xf9C\x7f\x0b\x88\x10\xd3e\xf3\x8d)\x99^\xe0c\x8a\x00q\x95;oBs',390
7dcd3b54-8c6d-46b3-ba2a-ddf2e2397c0d,crazypeacock979,b'\x15p\x82[\xe2u\x90\x08\x18\x912\x0fPd\xe4\x7f\xb47\xac\x8b!D\xf7\xe5`\xb3:\x16R\xc17h',391
bc2b6ab8-cde5-415a-b880-cfe6b3d9426d,beautifulgorilla443,b'\xa4\xe7\x8b\x19^\x0b\xaf\x91c\xaa\x99a\xfazzE\xf4+RiG\xc9\x82N\x1a\x04\xf7\xca\x8e}\xd7\x05',392
1d5669d8-9a72-45e0-8e6c-dc2af76c7a6e,yellowladybug150,b'\xc2Z^\xb6\xc1}\xff\xcb0\xd9\x11\xf2#\xfeV\xe4\xb0\x0c\xc0\xf9\xc66\xec4\x15\xab\x8a\x8a\xf4Ir\x1a',393
c73d1de4-965d-4d17-a3df-badf0d3db890,ticklishostrich798,b'\x9f\x90\xd1\x98\xb5\x08X\x8a\xd8`ei\xf1\x11\xb7\x97kh\xdc\xfa)\xeb\x05T\xb0\xd4b\xd6\x18\xbe\x02\xf4',394
4c269ea5-e3d1-42dc-879e-562b268642b7,smalllion104,"b'\x18c\x03\xe4\xb8\xcc\x9f\x91\x1f\xe7M\xf0+7}\xd4\xc0\xaaS\xf2,\xe9\xc5\xe6\xbfto\x80\x9d,\x96['",395
a5bfdfb4-af6a-411e-9d9e-5ea01144dbbc,browndog479,"b'\x90\xb1\xa2\xe2\xa4\xb3\xab\xfcu\xe8\x89\xd7\x7f\r\x06\xbd\xac\xef\xcf\x81\x93G\x86f\xcd\xe1""\xae[u\xce\''",396
006c84ea-d233-4453-b05c-0281140c022b,orangekoala860,b'\x1de\xa0\x9d\x8f9\xd8\xa20\xae\xcc+\x19Z\xf5d\xca\x99K\xdc\xa0\xa5\xe5{:\x10\xee\t\x97r\x96\xaf',397
d66772fb-68da-4189-aa96-8ea60103b294,sadfrog898,b'\xe8\x9c\n\n0\\\x7f\xed\xafB-\xfb\xe3\xf1bL\xa8{\xde\x84\x1c\xb0\x18\x0f\xffi+\x19\xdb\xbf\xfd\x9c',398
19785eda-15ec-4fec-8631-215281d3dbd2,goldenkoala951,b'\xdbu{?H\xc6\xbd\x05\x1a\xb1ltry~\x9b@\x7f\xc2\xbe\xfb\xa3\xaf\xdc\xb9\x9d\xbb\xbe+~q\x03',399
96b9ba62-1bea-4584-8565-d6bcf4ec815d,crazyrabbit303,"b'r5\xb6L\xa4\x8ewT\x87h\x1f""\x83\x0by\xfc\x1e\xce\x01O\xc0\xe3\xf4R\x97\x94$\xf4(\x98\x14\xe2'",400
5bad2aaf-57b5-40c9-b024-5af8812d23e9,whitebear265,b'\xbf\xe0\xb1\xb3N\xcc\xf6\x1fK\xa2\xfd\x8a\x12\x05\xcf\x8b\xf4TAK N\x00\xb1:\xa6\xfa\xfb\xc4\x14\x9c\x8e',401
01587c2c-9a80-4667-9a44-c962d2515cc6,yellowmouse872,"b'f,\xd0\xc1\x8e\x9aU\x98t\xcd\x8c\x96c\xda\xc4\xaa\x92\x0c\xa1<\x11\xcf\x97\xbf\x9fb^s-\xa3\xcf\x8e'",402
beef4893-ab97-4296-a704-852a981b5689,goldengorilla153,b'r9\n68\x87%\x969{\xf5\x88\x18k\x94!xG\xc7\x84\xe48u!\xcaf\x90\x04\x94\x07\xf3L',403
a97f2890-377e-42c1-8be5-5499369779c6,ticklishpanda638,"b""\xe6\xc1]'\x8aR\xb8`\x87\xa3\xa2\x08\xc4,\xb7n\x7f\n\xcc\xda\x7f:\xedh\xbb\xc3ch\x97\x1f[4""",404
b78ecc9c-d0f7-4e46-abf1-83bc990dc0a6,crazypanda673,b'yN/\x99\xb9:\x1a\x81ma\x14t<RG\xb5\xab\xf4\xcf\xed\x89q?\xf9\xb2\x88\xa0B\x83\x97\x9e\xb8',405
cf270c41-2f9d-4873-8611-bdc683b13b34,ticklishtiger784,b'\x16\xf2\xd6\x08\xb6\xc2|\xa4S\xecu]\xa1>\xc3\xd1\xc5\xcfvWW\x87\xce\xf84\xf7S\xd5\xbb\x16\xf3\xbf',406
03ff3b9d-4c47-4451-98dc-ef9d06ca99a0,redpanda560,b'\xbf\x01Y\x8b\xaa\x84H:\x8e\xd9H\x95\xef\x84\x91\xa4_\xf7\xff\xf5\xe9\x14\x12\r\x06jW5\xe4\xeb\xcc|',407
5e7091f6-089f-4318-b302-0e0128bf002c,yellowrabbit900,b'o\x00@*\xc4\x9c\x8dK\x03\xc2/\x92(\xe6\x89*b\xb5\xddc\xdb\xc4\x8f\xb5L\x16q\xaa\x02D\x02\x8c',408
10e6e3b9-1c64-490a-94aa-ecadfe69b3e5,whiteleopard708,b'\xd2!\xfa\x90zk\x06\x12\x9b\xe8\xd6\x07K\xc5\x85\xfd\xbc`\xd9\x04^\xccJ\xe7\xb8[\x03\x03\x05$\x93\xa6',409
7a615118-c6a2-43f8-aeaf-b48d4a208d89,goldentiger503,b'\xc6\xe0\xb4\x1a\xb8\xaf\xee\xd2\xd2T\xa3\xae\xcf\x97\x15\xa8t[\xe3\xd7K\xcf9m\xff\x16DK=\xb4\xe7&',410
0565255f-09f0-40ee-b8c5-cdfc1d998d7c,smallcat490,b'\x0e\xf4\xd1Eg\x83l<\xf4\xfc\xcc\xce)\xe6\xdb7!?\x94\x99\x05\x064&\xa7\x93\xff\xba\x9f\x84\xf9H',411
cff9f502-4b4c-4b0f-9179-3b663329567e,silverbear391,b'\xfeGJ\x0c0\x1f\x98\x9e\x07\x7f\x1a\xf7\x97\x91\xa9\x1e(y\x1f\x0f\x8b>zC3^`\xa9\x92?%C',412
225b5dce-b3a3-462c-9609-77e80bddf8da,lazymeercat244,"b'\xe7X""\x8c.%A\xe5\x9b\x94J\x88v\xf6x\xb1\xcc\xe5\x9c\x1b\x83[9\xd0\x9b\xd8\xfeAW\xcdZ\xc9'",413
08e47fa1-ae5a-47d8-afe4-034cd74fa8f4,goldenswan353,b'\x99\xaf\xa5\xa9\xe5\xdf\x1e\xd7x\xd5\xda]\x17\x15#\x1a\x0f\xe6p\xf9\xa6\xb5\xf9\xa5i-\x99e\xa1\xe55\xe7',414
2d3c18fe-2ba2-4295-a374-9f989e841b7f,brownladybug720,b'b\xd3\xb1\xd4=\x12A\xcb\x1a^\xdf\x0fJl\x95\xa1\xbd&\x97\xe6\xa5Xh_i\x80+D\t\xbc\xcd\xb1',415
064ba757-6e11-4306-904e-7af6c8a32e52,heavyzebra855,b'(\x15\xd9<4\xef\x023\x18\xa6\x1bt\x95\x89o\xa3ApSx\x81\xad\x852\x17\xc4\xb0r\xe2\x12z\xa6',416
c78bc2b6-e34f-464b-8da4-9e62f7e9d81c,lazybutterfly939,b'\xca\xb9`\x03I^#V\xa3:\xf1\xe0\x03\xca_*\xd8\x8f\xf9}\xc2U3Y\xb7\x95b\x85\xb5\x1f=\xd8',417
e1d4e127-8f0a-4ed8-a45a-d3368f59dd7e,redswan468,b'\xe8\x9aq\x9c~\x02\xb4\x0f\xc9\xb5\xb2T\xe6\xff\xb8\xdb=\x91\x95o@%\xf4\xfc\xb2T\xea\x98ds)?',418
66ea3b5b-6ba1-41f2-8bae-02a89bb67eee,bigleopard976,b'64eJl\xb5\xae\xe5\xd0\x13N\x9d\x11E\xadA\xd6\x06RZ#\xcd\xe7R\xe8\xed\x82\x8c\x91}\xa3\xf1',419
6c4a2a19-13a2-4fb7-b3f5-f9f92a9d2e04,bigrabbit259,b'\xfab\x8cR#\x894\x90D\xb3x\xcc\xe7\xeb\xf6\xd6\xda\xe8\xda\x1a\x96k\x0f6\x0c\x9e\x97\x93\xc1E\xb1\xf0',420
e97057a3-3448-48d0-8389-f7738d47f155,heavygoose262,b'\xd3$\xc0V\xf2\xd5\xf5\x82\xb7\xef\x9a\x06\x1aKq.Z\xacG\xd6\xae\x1b^\xcd\xfe\x055\x10\x11f3\xd5',421
eda2fe59-05f4-4be4-bd95-0e8621df4968,bluedog450,b'\x92)i\xceL\xe4\x82\x0f\xe7\x9b\x06\x1di\x17j\xc8z\xc0p\xd8\x91\x15\x88\xa3\xd1\x0fL\xba\xcd[\x98c',422
dae54644-5358-4bf9-9dcc-2f99005d4f36,blueswan182,b'\x00\xe1J\x0b\x88J\x94K\xd2=\xeav:;\x0b\x02k\xadk>\xe3x\x017\xdf\xabv\xd9\xa5GE\x1c',423
d2db408e-fb89-40ca-9203-1b9fd6281e3e,ticklishcat638,"b'\xd8\xce[\x91O\x80o\xfa.\x13\x9d\xbc\xbb""S\xf1\xe4\xb8\xc7\x87\xe7\xe3<\xc2\n\x8a\x0b\x0bvs\xfe\xe8'",424
c6c06a17-65f0-48cd-a951-beec3a7a10a0,greenbird421,b'0\x90\xf2\x87\xf82\xe9t\xfd\xc6l\x05\x17\r*\x96\xd7V\xd91\x1d\x03i0\x8e\xd1\x01!\xaf\xc6\xa5:',425
2254f21e-a5a6-4cbc-9f06-b84157594a4d,lazysnake821,b'\x80\xd0\xe8H\xf9\x95\x92=b}r\x8a\xdbR\xbbT\xa6\x05\xe5\x1aB\x1b\x85\xa7\xb5\xb4\xd1C\xf1j\xbeK',426
390d4156-0cea-4494-8a9b-932bfbfd9020,ticklishwolf569,b'\xd7\xb1k\xb8H\xae\x04\xf4SlT\x8d\x04\x19?\x8fL\xaa\\#k\x99}\xd0\xfe\x83o[7\xd7\x18\x9a',427
20494616-8682-42d6-8525-72b4f4aeee33,brownpeacock806,"b'G^nn\xff#4\xc9\x1bp\x9eu\x87A-t\xec\xca@3\xa40\xe6.M\x9b""OE\xca\x1d\x10'",428
b2cb492b-6fd2-4c45-b434-bf62fd0c6acd,blackpeacock493,b'(N\x1fP\xc0\xef0F\xf9>\x94T\xf7q\xc7\x8a\x10ZP*\x98\x9e\xf7\xfd\x91\xf7~\x15\xd6\x99m\xc2',429
e854a48c-a290-445c-835f-d751dd978e42,crazyswan519,b'@f\xfdo\xfe\xa8G\x99\xa93\x04xc\x1cRN@I\xd7\x05\x1e\x92\xc1\x85\xa1-\xc0\xe9\xd1\xec\x08f',430
a128865a-464e-435f-9d1e-f8b525a155d6,smalltiger234,b'e\x0b+\x91_\xe7\x19\xad\x12\xf3\xd6\x11\xd5\xc8o\xe3\x91\xacwaItXv\xc2.\x1c\xa4\x90g\xec\xfb',431
f63b12bc-f921-4c1b-91cc-ad8aab466499,bigladybug100,b'\x99\xaf\xa5\xa9\xe5\xdf\x1e\xd7x\xd5\xda]\x17\x15#\x1a\x0f\xe6p\xf9\xa6\xb5\xf9\xa5i-\x99e\xa1\xe55\xe7',432
4997ed64-090d-42cb-8bab-47f21cc48641,whiteduck758,"b""\xb3\x91\x91-\xdd\xec\x15\\\xab9\x7f\x93\xb3\xcaP\x03\xf9'K\xf4\x87sg\xbd\x8d\xf6\x02\x86\x99\x01\xeda""",433
829567a7-45b7-4cbb-8c94-f41a86c85bca,greenpeacock748,b'\xa6ED\xfb\xa1A\x1a 7\xf1r\x12=T\xa9K*\xc07\xeau\x01o\x99\xad-n\xec\x93WD\x99',434
8f6a0c9c-7279-4dfe-a9aa-e7bc64dd370d,whiteladybug415,b'p\xb28\xa7\xbea\xd0\xd8\xa7A\x0bm\x08\x16\x83=us\xf8\x9d\xa9_\tC\xa08\x18X&82\xf9',435
8c3c2243-c09b-464f-bdb6-c73290f0f1e5,ticklishtiger196,b'\xc2\x95\xc1!\x98M\xaf:\x8d\x9azc\xce\xfb\xf7\x0e^z\x15r\xd5h3\xe5S\x93w\x89\x04H.Y',436
5d17a533-4554-4eee-99d4-f1cecddd3746,tinysnake769,"b'\xe2\xa3)\x97\x9as\x9b\xb1\xa8\xa1\xf1\xb4k\xfc\xe0l\x83L\t\xeaW(\xdb\xba0\x14mQ,\xce\x1f\x8e'",437
01a97dd5-7351-4042-8170-92b446efec0d,happytiger705,b'm6S1\xbc\xea7 RH\xc74\x06DyC\xa6v\xc8\xfe/\xf4\xf14\xdc<`\xc2\x9a\x96\xed3',438
ae803cbb-73a1-41d6-9eb1-56dc90996130,crazywolf344,"b'\x97#Yh_\xa1@J\x11\x16\x8a%\xd2\xab\x13,\xe9\xcfBxE\xde\xdc\xa0\x98\x0cb\xe3CV\xd4\x01'",439
55f45d71-4cb0-40e3-b1eb-9972c571c07e,bigfish617,b'\xde\xcd\xcb\x98\x1e\xe24}\xbe\xca\xb5\\\xde\x94\xe2\xb0\xde\x17\x1a8\x7fs(\xcdi\x1f6\x18\xd9\x0f@\xb7',440
dc9941e8-6943-4432-bc09-c326ff181603,ticklishsnake948,b'\x8aL\xe2\x83\xe2\x1c\x14\x7f\x10\xe3\x84\xa9b\xcd\xc0\xe4S\xf9P\xc7\\\x8d{H\xcc\x97\xdds\xb8\xd5e\x87',441
8e03ba02-39bf-4566-848d-e67c0087d560,orangezebra306,"b'\xf2\x08\xf5f\x1d\xa6\x9b |\xc7\x87Dn\xa6\x85t6A\xdb\x9e\xa2""0\xdb/\x06u\x13R>\xec\x87'",442
fe9f789c-06e0-466f-a108-d750eca1a860,whitebird678,b'\xe7\x17\x1aR`/z\x16\xbf\xa9\x0bn\xd0K\x9c\xcf\xc2;O\x9e\x99p`\x89\xa9W\xbb&0\xfd?T',443
3a6551d9-33b9-4753-9ab2-54a3d61f6454,tinyfrog667,b'R\x02PW\xa4\xed)e\x867\xcd\xea\x92A\xac\x9c@~\xfd{\x06\\=9\xa6\x9cv\xf8\xb4\x9a\xb6\x85',444
0c198e97-73bf-4a9d-a33d-354a9953d117,bigkoala380,"b'\x91\xf52a4~X\xad]o\x8e]\xd2\x88J*\xbe\xd8,??\x9c\x0f""\x06\xad\xbbO\x85(\x0e\xd8'",445
315d0726-784f-432b-89e0-83e95bbf946d,orangefrog106,"b""\xa8\xdah\xafJ&\xad\xa8\x11\xa6\x15\xed\xbc\x8c;;\xc4\xe0\xcd'\x07\xfcF\xfa\xb7\x97d\xcbJ1\x94\xf7""",446
713a6d69-00c3-492d-b9a5-5249af64afe7,orangerabbit958,b'\xde\x89T\x07\xb3\xcaE\xa3\xaen\x95\xd5r;k|V\x9a\xe1\x1e\xe4O\x19\x1b[\\\x04\xacB!=q',447
32195b11-3e0d-49e0-aca5-7ef1f0a757cc,yellowdog848,b'\x8fU\x1cd\x9e\x00\xf87\x88\xe5\xb1\xd6\x00\x12\x9e`\x1d\x98Wh\x05\x82\xd8-\xf7\xb0\xd13r\xaa\x90\xa3',448
ce0a9ea4-2075-4c2a-abb0-a7e156bbf6fc,smalldog776,b'\xee\x9c\xde\xd5Y[0j[!Rc\xd8\xe3\xe1i6$\x15\x88\x7f&\xae[l\\\xbc\xb8#\xb2\xc7\xd6',449
986b4fbc-a45f-4af0-a622-84d2b5f7ea93,whitezebra956,b'0\xfd\xf1l\x9d\x1e=\x9c?d\x99\x1b\xfe\xd5Pg\xc3\xbe\xe7\x86~\xaa\xa2v9\x7f\x0b\xafxe\xe5/',450
fb87fda7-6e1f-46ec-83d3-d6667ea3dda5,tinyzebra397,b'\xe4y.@\x08j?\xbd\x01l\x11`\x86+\x87\x16\x7f\x95Xz\x19NhJRW\t\xba\xf1\xad|\xd2',451
b2862f99-de4d-49f0-aebd-a1fd9b96fd68,purplewolf214,"b""\xbfy\xb5I\xac'\r \x06*\xa5\x16\xf6\xb2@\xa1\x15R\xaf\x0c\x8b\xadM\x83x_>\xb3k\x01\xa8\x12""",452
f5ac47db-a3c5-4d3f-8a6b-372c110e051d,ticklishfish391,b'\xa52i\x7f\xfdc\xb3\xa4\xbf\x9c;\x97\xe2\x1d\xa4=\xbeYo\xdbh\xc6\xa6\xf8\t\x99^:\xd9\xeewd',453
4a4a1ecf-037d-4c27-b829-82849ea9be37,browndog973,"b'[\xd3\xb78l\x03\x04\xad\xdb\xa4\x81\x97\xe3Drd\x03\xf89""\xc0\x90\x93\x98\xad\x96X\xeeL\xa2`\x11'",454
e692655a-0650-4acc-8bfd-ddc20306a531,angrydog664,b'@\xdcP\xef\xfd\xfb\xe6\xfa[\xa9\x9ct-\xc0U.2\xa3WY\x9f\x9b\x15T-\x8c\x9e\x7f\x05VkA',455
483639f3-c4cf-4afe-8dae-134f793fd894,whitezebra172,b'\xaa5\x9aag\xfez\xf9\xa6@\xb2XG\x9b\xee`[\xa6i ql\x03\xaal\xc8\x92\xf2\xaa\x11ri',456
41474125-a1e3-413e-b598-b7c511c771f5,bigelephant533,b'\xbb^%.\xd2\xaa\xcd\xc5\x1f\xed\xae\xdd\x0e\x00\xe9\xef\x02{\xbc\xa43/1\xe8\xa5K\x92Ji\xad\x98\xb1',457
aa92f7fa-2116-44b6-a48c-5f5a38130062,ticklishostrich535,"b'\xb4\xc4\x11""\x87iu\xc3d\xda5\x8d\xbf\xe9j\x86\xc8\xb6\xf6|\xecS\xf2\xc3u\x87\x02lF\xae\x9dr'",458
c4afc1b0-3367-4b46-8b65-2af97b3970b7,silverzebra339,b'\xe8V\xe8\x80$;D\xa3?z\x8bW\x04l4\r\x05?X\xb84\x9c\x1d1\xf1\x8d}\xd4|D\xea\xfe',459
441ab950-8fb2-4c24-a77d-922ce8cf95b3,purpleelephant109,b'o<m\x9d\xc0\xaa\x19\x0cZ2\x95\xe8\x8b\x1c\xb5\x00\xdd\x8a\xf1\xddx\x93\xc5\x9b\xacc\xedq\x1e\xa8\x916',460
276a4338-8da8-4995-b4fa-21341fa88b16,crazylion823,b'\x87W\xe9\x01\x16;>O\xa69\x91>D\xf3\x83\xb4\x87\xbe\\\xa6%h\xe0:\xc2\xf3\xf3{r\xb4*\xae',461
19c4e6d6-c282-4fb5-874f-9990ad40863f,whiteladybug325,b'\xbf\x9e\xde\xe1\n\\ND\xee\xc8\xd7\xcdthI\xff\x12\xc8\xb8\xf6\xd4rp\xb1\xeebB\x87r\xf52\x11',462
f6b95862-5a9a-4b36-95d8-0752029c7c06,bigmeercat883,b'\xbf\xbe5X\x15\xedD\xaa\xa1\xf8NU\xcah\xcfw\xf2z\xfe\x1b\x10_|-\x10\x84\r\x98+\x95\x10\x0e',463
edb7b808-892e-4090-a7c9-8a9045b1bf5b,beautifulmouse646,b'OE\xdd\x00\xfd\xd7\r\x83j\x1cf\xd4\x02F\x84\xf0_\xb5\x84\x98\x9dz\xeb\x16\xa9\x04?]\xad\x87\x89\xf7',464
4bfc88dd-6498-47ac-8427-c0ee4d99141e,lazyrabbit189,b'\x9cf\xa1\xd5x\x1aX\x9c\xcf\xe0Q\x10\\\x88/\xa5\x04c[Tmcc\\\x1b\xdf\xbc\x98\xa0\xbd\xb1\xd2',465
ecee9e11-af4e-4949-933d-348cb550de2b,greenbutterfly307,b'\xb5\xd1\xb0\xf3Rr\xdfdH\xe5?\xfeUH\xdb\x81qeg\xcc3\xac%\x1b\xd3\x19\xaaM\xda\xa7\xd5\xb4',466
0707c32c-e78d-4f80-b417-2311f8df42d0,biggoose668,b'\xc5\xb5\x9d$\xd2\x91\x14\x1c\xb3\xe3\xbd\xc1\xe3ivB8\x04Q\xe2\x7fn0xG\xea\x84\x01\xfdR\x17\x86',467
8056c006-896d-49da-a3ff-bc98575355db,organicfish457,b'!\x16\x1eLc\x89TP\x9f\xb3^\xe7VW\xf2\xd4J|=l\x1e\xf5Ij\x1f\xb5\xbb\xa6\xa8\xd7\x86\xc2',468
f55d6422-bf73-4eaf-a371-8509cff9a9ec,whitegoose926,b'\x1de\xa0\x9d\x8f9\xd8\xa20\xae\xcc+\x19Z\xf5d\xca\x99K\xdc\xa0\xa5\xe5{:\x10\xee\t\x97r\x96\xaf',469
9d921434-895b-4dc7-90a4-39265fc37ca9,beautifulrabbit299,"b'\x02\x10\xc4\xc6W\xf8|:\xe1\xbd""\x9f\xe3W\xb74\xefiE\xac\xbe\xdb\x03\xc1\xa3Y\xf7\x00.0\xdc\xd6'",470
0a896cfa-65c2-4093-9434-e88174b84d05,happybutterfly624,b'(\xc8\xa8\xa6\x98\x1bo\x9c1\xeb\xac\xc3\xee\xe0V\x02l\xfe\x91B\xc3KsXc*\n\x96\x06\xf0\xf0t',471
73d45f26-c8f8-4c11-b035-2dd2fb29d6d6,angryswan786,b'k\xd6\xe2@\xea\xf7\x99\xc5;\x9d\xde\x9c\x83\x8b\xa3\xd3\xdco\x1f\xd7\xbd\xd8\xd8\xc4\x97fa\x13\x80Hpo',472
fe597d68-d20e-4d59-a393-1809c2af3436,brownbutterfly490,b'\xd1\xa3T\xa5A\x1e$\xdf`(*\x05Z\x85<\xe4q0?\xef\xd3\x0cWW\xdcV\x8a}r\xe3j\xf0',473
221b42a2-04b4-4cf7-acc9-fd6c59709312,blackmouse535,b'\xba\xc90\xb0\xfbP\xb9/\xec\x0fw\xec\xe9=\xa6$\x94\xf7=\xe5\x03(\x19\xa5\x1e\xb8B\x8d\xa0\x01\x9dD',474
21450652-2b51-41a3-bcca-360a631a18a3,angrymeercat564,b'\xb3[>\xa16[\xeb\xd3\xd8\xb68\xbc7\x8d\xb5\xf6\x05\xdd\xd5\xd8\xad\xb2\x93kX\x1a\xcc\xcdu\x05\xdf0',475
452da942-70f5-4361-a4d0-321edadbe449,angrygorilla793,b']l\xb7\xbdU\xd2e\x8a\xb9\xfa\xa4tf\xab$:\xfd)\xf7b\x9bfo\x8dF\xe7\xfd\x85\xca\xae\x05/',476
8a8a935a-aace-48d5-a9bd-fc924e4e7595,blackelephant302,b'\xe2ILO\xbes\x19J\xf2\xa2\xbc\xee\xed<k\x8e\xa6\xc4o\xb10\xa83\xee\xec=B\xbb\xedI\xe3\x02',477
36b7e415-00e0-4df6-8d22-82e5b9faa140,heavygoose692,b'\xd7\x13\x06qr-\xdc\xe7\xd4\xf5\xf2\xf9T.ejT\xfb\xbf\x9c\x9d\x11\xb5\x9f\xb66\xd6\x9d\xfa\xf7\x8a\x83',478
6470ae29-537d-4640-9987-7d28166f8d66,organiccat858,"b'\xae\xb799\x1e\xc7)\xe1\x18\xa9\xed\xfa\x04\xa1\x1ah\xdfn\xa1\x87\xd1)\xcf\xae<\xf7*\xe5(e\x80,'",479
5df43daf-6d54-410d-bc92-1bde696b53ad,beautifulbutterfly841,"b'V[\xc8AM\xb0x\xd8b\xf4\xd7\xbf\x90n\xd85P(\xbb""\x82\xce%\xaf\xd5#\x8d\xaf\xdeWv?'",480
2cb746b1-189c-49b4-81f8-5e7fe609d230,goldensnake413,b'Y\xddn\xf8\xe7\xcbyu.v\xdf\x08\xf1\x12\xae.\x87\x1f\x1b(d\x83^\xf9\xfd*\xf1s\xea\xec\x96\xda',481
af61bd42-f67c-4ee6-b82d-32ebad271e55,purpletiger712,"b'\xb07F\xa7\xc6\x9f\xca\xb8\xc4g\xdd\x0e9\xab\xf56,\xd0\x0cD\xda\x93\xea\xccN,\x15L\xd3\x9d\x0e\xc9'",482
61726cf6-6583-4eee-8dbd-6c95580a53f6,orangecat603,"b""\x9f\xb05\xc8\x81\x03f\x9c2\xfaN8~{aX\xc6v_(8k\xb4'Bt\xc0!\xf40\x06\x8b""",483
2a4d3136-6c3b-4b9f-922a-10469ed46be0,organicpanda248,b'U\xdd\xdcqmx\xc5\xab&?\xe5\xbe\xde:\xce\xee\xb5\xcd\xf4\xb4{\xb4@rE\xe7\x1bV\x8b\r\xa0 ',484
c2302862-d5e3-4113-8d49-c56465aaea69,saddog798,b'P]\xec\xc0|\xdf\xe2\x9f}9R!iXX\xa5\xfd<V\xd9\xc9\xc5\r\x9a\xf3\xde\x0fS\x98\x1cJ:',485
885d315b-2233-455d-bbc8-11d88e88fe47,heavypeacock714,b'}\xbc\xea\xc2\xdb\x87\x06\xf8\xb5^\xaf6\xc7E\xb6\x1fO=R\x04C\x8cH\xf8y\xe3L\xdc\xa7\xfeN\xed',486
7ee33647-e827-4243-aa33-0f9f4c0214a3,smallfrog439,b'\xd9\xaa\x83=N\x0b\x8dU\xff\x9d\xda\x97EU\x05*\xa2\x87K\xda\x18\xf5\xe0\x8a\xe9\xeb5gD\xb1)\xff',487
a06cd3ba-7680-4074-bca3-c75f328f7f99,smallelephant236,b'\xac*\xb4\xaa\xbb>\xd4\x17F\xf8\x11\xf8\x90\x98y\xe4\xd83\xbc\x15\x97u\n\xd7\xd3\xc8\xa0\xd9\x0b0\x9a\xa1',488
4fa5e4b7-e7e9-4537-840f-5d7c0bde5d86,redwolf647,b'\xc5g \x1c\xb3\xa8\xcdA\xcb\x1aB\xbam:\xf3\x97\x82\xad[{\x8f}\xc986r\xf0\x1aEa\x18\xf9',489
f813351a-afaf-4117-9caa-f6fed676e806,angryleopard817,b'\xef4!\xe5\x1c\xea\x8f\xfe\\\xd0\x8c\x1614k[\x9e\x1a\t\x1eOU\xd2\x16\x1f\x1d\x05\xfc\xd1\x87\xea)',490
be3565fd-123d-423e-8314-fd8519db277b,crazymouse259,b'i\x98\x02&\xae`\x93\x94P\xf2Z\xda\xea\x1b\xa6p\x8f\xc9\x8e\x13]\x1cmd0\xc0p\x1d\\\x17\x9b5',491
f1826d06-a791-471f-863a-4a48bed87862,heavyfrog596,b';\x14\x1c\xb2X$\xb7\xa6\xda\xab\x12f\x8c\x8a\x0c8\x04\xd4L\x80d\xfc\xca*\xd7\xa3\x17\x1d\x99w\xb4\xa2',492
33c830dd-d8c8-41d6-ae60-1882ec21a782,bluekoala172,b'\xca\xba@g\xf9\x94\xfc \x80\xe3\xce3g\xec\r\x85\xa3\xb2\x90aN!1k\t\x8a\x8cwb7\xc7\x0b',493
adbd01e8-e575-4aa5-a45c-b8d2ff231333,brownostrich835,"b'\x95gBa\xe7a\xbb\x11\x1f\xc6\xcf^\xb4\xca\xeb\xc9_\xc0R\x95\xdca""\xb8\x97;K\x1ay3\xa2\x80'",494
f08a0afd-1d3f-4d70-9add-05f1a79d158c,lazyzebra425,"b'\x99\x1bq""j\x1b\xbe9\x9c\xb8\xd3\x17\xc1%\xf4\xed76\x9e$i\xb2N\xd2T\xdf\x18O\xaf|\xa0\xc8'",495
5a6c87bf-9012-4a4c-9884-a45c928fca3d,smallpeacock533,b'\x8dl\x9b\xee\xd9!\x86\xc9\x81\xd6\x1e\x9dz\x1a\xef\xfa\xa0X\x83\x13I\xe0\x1f\x96R\x99\xa4\xcapJ)\xa4',496
7d81a9e4-faac-4d77-8165-dda3344dc9e3,yellowsnake844,"b'\x8f\xc3\xd7\xb6:\xc8W-""\xbbR!\x85\x89\x0e\xf8\t\rW\x89a\xd7\xe8\x07q\x93\x08\xf3\xd7}\x9b\xd6'",497
29857ad2-6fe9-4a15-b221-31a4ab46bdc8,beautifuldog194,b'\xbb\xaf\xddri\xaa\xd1\xfd\x14\x91\xd0D(\xf8j\x9d\x18\xb8\x04\xcb\xe63\x1b\xa9^\x8f\xe1\xd80\xf0\x93>',498
3acce3cd-a544-40c6-88ee-fba41f59a6d9,happybutterfly771,b'\xcec\xe5{\x9b\xaf\x82\xe9(s`\xe5\xe7\x98>O1\xb5\x1c\xe4 \x08\xb6u\xbd\xfd\xab\xf4IQ\xb4r',499
c821798f-37e1-4faf-8f27-c1e75dc628f4,goldenladybug266,"b')""z@\xbd\xcf\xbc\x92S&5E6\xc2\x8f\xfcZ\xb0p\xbc<\xeeU\xe1s=\x7fF\x16\xe3[['",500
